-- --------------------------------------------------------
-- Хост:                         127.0.0.1
-- Версия сервера:               5.5.38-log - MySQL Community Server (GPL)
-- ОС Сервера:                   Win32
-- HeidiSQL Версия:              8.1.0.4545
-- --------------------------------------------------------

/*!40101 SET @OLD_CHARACTER_SET_CLIENT=@@CHARACTER_SET_CLIENT */;
/*!40101 SET NAMES utf8 */;
/*!40014 SET @OLD_FOREIGN_KEY_CHECKS=@@FOREIGN_KEY_CHECKS, FOREIGN_KEY_CHECKS=0 */;
/*!40101 SET @OLD_SQL_MODE=@@SQL_MODE, SQL_MODE='NO_AUTO_VALUE_ON_ZERO' */;

-- Дамп структуры для таблица v3.citrusfit.article_items
DROP TABLE IF EXISTS `article_items`;
CREATE TABLE IF NOT EXISTS `article_items` (
  `id` int(11) NOT NULL AUTO_INCREMENT,
  `type_id` int(11) NOT NULL,
  `title` varchar(300) NOT NULL,
  `annotation` mediumtext,
  `club_id` int(11) DEFAULT NULL,
  `image` varchar(512) DEFAULT NULL,
  `image_attr_title` varchar(512) DEFAULT NULL,
  `image_attr_alt` varchar(512) DEFAULT NULL,
  `body` mediumtext,
  `pubdate` date NOT NULL,
  `meta_index` tinyint(1) NOT NULL DEFAULT '1',
  `meta_title` varchar(300) DEFAULT NULL,
  `meta_keywords` varchar(500) DEFAULT NULL,
  `meta_description` varchar(500) DEFAULT NULL,
  `created_ip` varchar(300) DEFAULT NULL,
  `created_date` datetime DEFAULT NULL,
  `created_user` int(11) DEFAULT NULL,
  `created_username` varchar(200) NOT NULL,
  `modified_ip` varchar(300) DEFAULT NULL,
  `modified_date` datetime DEFAULT NULL,
  `modified_user` int(11) DEFAULT NULL,
  `modified_username` varchar(300) NOT NULL,
  `active` tinyint(1) NOT NULL DEFAULT '1',
  PRIMARY KEY (`id`),
  KEY `type_id` (`type_id`),
  KEY `articles_ibfk_2` (`club_id`)
) ENGINE=InnoDB AUTO_INCREMENT=42 DEFAULT CHARSET=utf8 COMMENT='Статьи сайта';

-- Дамп данных таблицы v3.citrusfit.article_items: ~17 rows (приблизительно)
DELETE FROM `article_items`;
/*!40000 ALTER TABLE `article_items` DISABLE KEYS */;
INSERT INTO `article_items` (`id`, `type_id`, `title`, `annotation`, `club_id`, `image`, `image_attr_title`, `image_attr_alt`, `body`, `pubdate`, `meta_index`, `meta_title`, `meta_keywords`, `meta_description`, `created_ip`, `created_date`, `created_user`, `created_username`, `modified_ip`, `modified_date`, `modified_user`, `modified_username`, `active`) VALUES
	(24, 5, 'Дарим 5.000 рублей при покупке карты на год!', 'Год без ограничений и хлопот!', NULL, 'article_1389213836.jpg', 'podarok', '', '<p><span>Только до 1 апреля фитнес клуб Цитрус дарит подарочный сертификат на&nbsp;</span><span><strong>5.000 рублей</strong></span><span>&nbsp;при покупке годовой клубной карты по специальной цене (стоимость от 990 р. в месяц*)!&nbsp;</span></p>\r\n<p></p>\r\n<p class="p1">&nbsp; &nbsp; &nbsp; &nbsp; &nbsp; &nbsp; &nbsp; &nbsp; &nbsp; &nbsp; &nbsp; &nbsp; &nbsp; &nbsp; &nbsp; &nbsp; &nbsp; &nbsp; &nbsp; &nbsp; &nbsp; &nbsp; &nbsp; &nbsp; {{w:WorkoutRequestButton|type=red;size=large;label=Получить подарок;description=new year;modal_submit=Отправить;modal_title=Оставить заявку на подарок}}</p>\r\n<p class="p1">&nbsp; &nbsp; &nbsp; &nbsp; &nbsp; &nbsp; &nbsp; &nbsp; &nbsp; &nbsp; &nbsp; &nbsp; &nbsp; &nbsp; &nbsp; &nbsp; &nbsp; &nbsp; &nbsp; &nbsp; &nbsp; &nbsp; &nbsp; &nbsp; или <a href="/catalog/klubnie-karti/klubnaya-karta-citrus/"><span style="color: #ff0000;"><strong>КУПИТЬ СЕЙЧАС</strong></span></a></p>\r\n<p><span>*При заключении контракта на 12 месяцев. Возможна рассрочка платежей и оплата по месяцам через наших банковских партнеров. Подарочный сертификат может быть использован только на покупку или продление клубных карт. Подарочные сертификаты не суммируются и не могут быть использованы для покупки акционных и специальных карт.</span></p>\r\n<p><span>Количество карт ограничено.</span></p>\r\n<p><br class="Apple-interchange-newline" /><br /></p>', '2014-01-09', 1, 'Весенний подарок от Цитрус', 'Спец предложение, акция, абонемент в фитнес клуб, клубная карта, подарочный сертификат, новогодний подарок, подарки, подарок, скидка на клубную карту, лучшее предложение, фитнес дешево, занятия спортом, хорошее предложение, новогодний корпоратив,\r\n8 марта, 23 Февраля', 'фитнес клуб Цитрус дарит подарочный сертификат на 5 тысяч рублей при покупке годовой клубной карты! ', NULL, NULL, NULL, '', NULL, NULL, NULL, '', 1),
	(25, 1, 'Дарим 10 тысяч рублей владельцам Audi, BMW и Mercedes!', 'При покупке клубной карты! Количество карт ограничено.', NULL, 'article_1387621403.jpg', 'Красивая снегурочка', '', '<p><span>Только до&nbsp;<span>8 января</span>&nbsp;фитнес клуб Цитрус дарит подарочный сертификат на <span style="color: #ff0000;"><strong>10 тысяч рублей</strong></span> при покупке годовой клубной карты владельцам BMW, Audi и Mercedes! <span style="color: #ff0000;"><strong>5 тысяч рублей</strong></span> при покупке на пол года! Подробности у менеджеров клуба по тел. 45-25-16. Количество карт ограничено.</span></p>\r\n<p class="p1">&nbsp; &nbsp; &nbsp; &nbsp; &nbsp; &nbsp; &nbsp; &nbsp; &nbsp; &nbsp; &nbsp; &nbsp; &nbsp; &nbsp; &nbsp; &nbsp; &nbsp; &nbsp; &nbsp; &nbsp; &nbsp; &nbsp; &nbsp;&nbsp;<span>{{w:WorkoutRequestButton|type=red;size=large;label=Получить подарок;description=new year;modal_submit=Отправить;modal_title=Оставить заявку на подарок}}</span></p>\r\n<p><span>&nbsp;<span>*При заключении контракта на 6 и 12 месяцев. Возможна рассрочка платежей и оплата по месяцам.</span></span></p>', '2013-12-21', 1, 'Дарим 10 тысяч рублей. владельцам Audi, BMW и Mercedes!', 'Спец предложение, акция, абонемент в фитнес клуб, клубная карта, подарочный сертификат, новогодний подарок, подарки, подарок, скидка на клубную карту, лучшее предложение, фитнес дешево, занятия спортом, хорошее предложение, новогодний корпоратив, владельцы Audi, BMW и Mercedes, ', 'Только до 31 декабря фитнес клуб Цитрус дарит подарочный сертификат на 10 тысяч рублей при покупке годовой клубной карты владельцам BMW, Audi и Mercedes! 5 тысяч рублей при покупке на пол года! ', NULL, NULL, NULL, '', NULL, NULL, NULL, '', 1),
	(26, 2, '1 октября стартовал конкурс Фитнес со Звездой!', '1 октября стартовал конкурс фитнес со звезой!', NULL, 'article_1387625542.jpg', 'Фитнес со звездой!', '', '<p><span>1 октября в фитнес-клубе "Цитрус" стартовал уникальный проект &laquo;ФИТНЕС СО ЗВЕЗДОЙ&raquo;.&nbsp;</span><br /><br /><span>В рамках проекта известные люди города Чебоксары в течение двух месяцев будут заниматься в стенах фитнес-клуба &laquo;Цитрус&raquo;. Для каждого участника будет разработана индивидуальная программа тренировок и питания.</span><span>&nbsp;Каждый конкурсант поставит для себя определенные цели и задачи и с помощью личного тренера будет их реализовывать. В течении всего периода каждый участник дал согласие публиковать в соцсетях свои достижения и успехи, так же будет проходить голосование, по итогам которого определится победитель, который получит главный приз от нашего клуба. Всем конкурсантам желаем терпения, настойчивости, силы воли, а самое главное &ndash; море позитивных эмоций!)<br /><br />В проекте &laquo;ФИТНЕС СО ЗВЕЗДОЙ&raquo; принимают участие:<br /></span></p>\r\n<table align="left" width="100px">\r\n<tbody>\r\n<tr>\r\n<td><a href="http://cheblive.ru/uploads/posts/2013-10/1380730353_zs7vuphbjdu.jpg" onclick="return hs.expand(this)"><img src="http://cheblive.ru/uploads/posts/2013-10/thumbs/1380730353_zs7vuphbjdu.jpg" /></a></td>\r\n</tr>\r\n</tbody>\r\n</table>\r\n<p><br /><i>Шоумен, топ-ведущий Борис Корсунский и его тренер Дмитрий Константинов.</i><br /><br /><br /><br /><br /><br /><br /><br /><br /><br /></p>\r\n<table align="left" width="100px">\r\n<tbody>\r\n<tr>\r\n<td><a href="http://cheblive.ru/uploads/posts/2013-10/1380730592_5x-fdfc3yzu.jpg" onclick="return hs.expand(this)"><img src="http://cheblive.ru/uploads/posts/2013-10/thumbs/1380730592_5x-fdfc3yzu.jpg" /></a></td>\r\n</tr>\r\n</tbody>\r\n</table>\r\n<p><br /><i>Ведущая радио МФМ, известная в народе как Катя-Катя, Екатерина Новикова и ее тренера Ксения Морозова и Татьяна Токсубаева.</i><br /><br /><br /><br /><br /><br /><br /><br /><br /></p>\r\n<table align="left" width="100px">\r\n<tbody>\r\n<tr>\r\n<td><a href="http://cheblive.ru/uploads/posts/2013-10/1380730599_pii839etbp0.jpg" onclick="return hs.expand(this)"><img src="http://cheblive.ru/uploads/posts/2013-10/thumbs/1380730599_pii839etbp0.jpg" /></a></td>\r\n</tr>\r\n</tbody>\r\n</table>\r\n<p><br /><i>Коммерческий директор информационного портала Cheblive.ru Надежда Алексеева и ее тренер Данила Дергачев.</i><br /><br /><br /><br /><br /><br /><br /><br /></p>\r\n<table align="left" width="100px">\r\n<tbody>\r\n<tr>\r\n<td><a href="http://cheblive.ru/uploads/posts/2013-10/1380730678_xjupbp0p3zc.jpg" onclick="return hs.expand(this)"><img src="http://cheblive.ru/uploads/posts/2013-10/thumbs/1380730678_xjupbp0p3zc.jpg" /></a></td>\r\n</tr>\r\n</tbody>\r\n</table>\r\n<p><br /><i>Ведущая радио МФМ Виктория Руссакова и ее тренер Кирилл Коркин.</i><br /><br /><br /><br /><br /><br /><br /><br /><br /></p>\r\n<table align="left" width="100px">\r\n<tbody>\r\n<tr>\r\n<td><a href="http://cheblive.ru/uploads/posts/2013-10/1380730713_bvw7cuqilee.jpg" onclick="return hs.expand(this)"><img src="http://cheblive.ru/uploads/posts/2013-10/thumbs/1380730713_bvw7cuqilee.jpg" /></a></td>\r\n</tr>\r\n</tbody>\r\n</table>\r\n<p><br /><i>Начальник отдела молодежи администрации г. Чебоксары Эльдар Черкесов и его тренер Ксения Морозова.</i><br /><br /><br /><br /><br /><br /><br /><br /><br /><br /><br /><br /><br /><br /><br /><br /><br /><br /></p>\r\n<table align="left" width="100px">\r\n<tbody>\r\n<tr>\r\n<td><a href="http://cheblive.ru/uploads/posts/2013-10/1380730353_zs7vuphbjdu.jpg" onclick="return hs.expand(this)"><img src="http://cheblive.ru/uploads/posts/2013-10/thumbs/1380730353_zs7vuphbjdu.jpg" /></a></td>\r\n</tr>\r\n</tbody>\r\n</table>\r\n<p><br /><i>Шоумен, топ-ведущий Дамир Садртдинов и его тренер Дмитрий Константинов.</i><br /><br /><br /><br /><br /><br /><br /><br /><br /><br /><br /></p>\r\n<table align="left" width="100px">\r\n<tbody>\r\n<tr>\r\n<td><a href="http://cheblive.ru/uploads/posts/2013-10/1380730944_0h4fca3ncaq.jpg" onclick="return hs.expand(this)"><img src="http://cheblive.ru/uploads/posts/2013-10/thumbs/1380730944_0h4fca3ncaq.jpg" /></a></td>\r\n</tr>\r\n</tbody>\r\n</table>\r\n<p><br /><i>Продюссер и ведущая Екатерина Баганова и ее тренера Полубарьева Анастасия и Александр Ласковенков.</i><br /><br /><br /><br /><br /><br /><br /><br /><br /><br /><br /></p>\r\n<table align="left" width="100px">\r\n<tbody>\r\n<tr>\r\n<td><a href="http://cheblive.ru/uploads/posts/2013-10/1380730938_b8niqbmwkmc.jpg" onclick="return hs.expand(this)"><img src="http://cheblive.ru/uploads/posts/2013-10/thumbs/1380730938_b8niqbmwkmc.jpg" /></a></td>\r\n</tr>\r\n</tbody>\r\n</table>\r\n<p><br /><i>Ведущий радио МФМ, певец Александр Базаров и его тренер Дмитрий Скворцов.</i><br /><br /><br /><br /><br /><br /><br /><b><br /><br />Участникам остается пожелать терпения, настойчивости, силы воли. А самое главное &ndash; море позитивных эмоций!&nbsp;<br />А мы и дальше будем следить за происходящими событиями и участниками. Вперед!</b></p>', '2013-10-01', 1, 'Фитнес со звездой в фитнес Центре Цитрус', 'Фитнес со звездой в фитнес центре Цитрус, фитнес клуб, звезды, предприниматели, ведущие, известные люди, клубная карта, абонемент, занятия фитнесом, персональный тренер, тренажерный зал, йога, пилатес, тренер, инструктор, красивый инструктор, престижный клуб, красивая фигура, красивое тело, корсунский, русакова, баганова, ведущий для свадьбы, ведущий для корпоратива, ведущий для дня рождения, тамада', 'Фитнес со звездой в фитнес Центре Цитрус, г. Чебоксары, ул. М-Павлова 10Б', NULL, NULL, NULL, '', NULL, NULL, NULL, '', 1),
	(27, 2, 'Финал конкурса Фитнес со звездой 15 декабря в Lemon Bar!', 'Финал конкурса Фитнес со звездой состоялся 15 декабря в Lemon Bar!', NULL, 'article_1387626076.jpg', 'Final StarFit', '', '<p>Финал конкурса Фитнес со звездой состоялся 15 декабря в Lemon Bar! Победители награждены клубными картами.</p>\r\n<p><a href="http://vk.com/citrusfitnes?w=wall-13375929_2222"><strong>Отчет о мероприятии в нашей группе&nbsp;Вконтакте</strong></a></p>', '2013-12-15', 1, 'Финал конкурса Фитнес со звездой состоялся 15 декабря в Lemon Bar! Победители награждены клубными картами.', 'Финал конкурса Фитнес со звездой состоялся 15 декабря в Lemon Bar! Победители награждены клубными картами, подарки, финал конкурса, награждение', 'Финал конкурса Фитнес со звездой состоялся 15 декабря в Lemon Bar! Победители награждены клубными картами.', NULL, NULL, NULL, '', NULL, NULL, NULL, '', 1),
	(28, 2, 'Журнал "Выбирай" о Цитрусе!', 'Статьи о нашем клубе в журналах Выбирай.', NULL, 'article_1387655269.jpg', 'Выбирай', '', '<p>Несколько статей в разных выпусках жырнала "Выбирай" Чебоксары.</p>\r\n<p><a href="http://cheboksary.vibirai.ru/pdf.html">Выбирай On-Line</a></p>', '2013-12-21', 1, '', '', '', NULL, NULL, NULL, '', NULL, NULL, NULL, '', 1),
	(29, 1, '2 карты по цене одной', 'Только до 8 января!', NULL, 'article_1387813936.jpg', '2 карты по цене одной!', '', '<p>Хотите измениться в новом году?</p>\r\n<p>Мечтали о выгодном спец предложении?</p>\r\n<p>2 карты по цене одной от Фитнес клуба "Цитрус"!</p>\r\n<p>Спец предложение на ГОД без ограничений (<span>740 р. в месяц)!*</span></p>\r\n<p><span>Только до&nbsp;<span>8 января</span>! Успей приобрести и начать Новый Год с позитива!</span></p>\r\n<p><span><span>{{w:WorkoutRequestButton|type=red;size=large;label=Отправить заявку на карту;description=2 по цене одной;modal_submit=Отправить;modal_title=<span>Отправить заявку на карту</span>}}</span></span></p>\r\n<p>Или звоните 45-25-16 и наши менеджеры забронируют Вам карту.&nbsp;</p>', '2013-12-23', 1, '2 карты по цене одной от Фитнес клуба "Цитрус"!', 'цитрус, фитнес, Фитнес со звездой в фитнес центре Цитрус, фитнес клуб, звезды, предприниматели, ведущие, известные люди, клубная карта, абонемент, занятия фитнесом, персональный тренер, тренажерный зал, йога, пилатес, тренер, инструктор, красивый инструктор, престижный клуб, красивая фигура, красивое тело, корсунский, русакова, баганова, ведущий для свадьбы, ведущий для корпоратива, ведущий для дня рождения, тамада, скидки, акции, спецпредложения, фитнес дешево', '2 карты по цене одной от Фитнес клуба "Цитрус"!\r\n\r\nСпец предложение на ГОД без ограничений (740 р. в месяц) и безлимитная Дневная на ГОД (333 р. в месяц)!*\r\n\r\nТолько до 31 декабря! Успей приобрести и начать Новый Год с позитива!', NULL, NULL, NULL, '', NULL, NULL, NULL, '', 1),
	(30, 1, 'Время работы', 'Наше расписание на праздники.', NULL, NULL, '', '', '<p>Наш телефон: 45-25-16</p>\r\n<p>Фитнес-клуб &laquo;Цитрус&raquo;: город Чебоксары, улица М.&nbsp;Павлова, дом 10&nbsp;&laquo;Б&raquo;</p>\r\n<p></p>\r\n<p>График работы на новогодние праздники</p>\r\n<p>31 декабря с 8.00 - 16.00&nbsp;<br />1 января - Праздничный день&nbsp;<br />2, 3, 6, 8 января 2014г. 10.00-20.00&nbsp;<br />4, 5, 7, яннваря с 10.00-17.00&nbsp;<br />с 9 января 2014 г. и далее в обычном режиме</p>', '2013-12-31', 1, '', '', '', NULL, NULL, NULL, '', NULL, NULL, NULL, '', 1),
	(31, 5, 'Сиеста в Цитрусе!', 'Самое выгодное предложение сезона!', NULL, 'article_1389083972.jpg', '', '', '<p>Годовая клубная карта с безлимитным посещением за 4990 р.&nbsp;</p>\r\n<p>Работает без ограничений с 13:00 до 17:00</p>\r\n<p><a href="/catalog/klubnie-karti/Siesta/"><span style="color: #ff0000;"><strong>Купить клубную карту</strong></span></a></p>', '2014-01-07', 1, '', '', '', NULL, NULL, NULL, '', NULL, NULL, NULL, '', 1),
	(32, 5, 'Приведи друга!', 'Приводи друзей и занимайся бесплатно!', NULL, 'article_1389884201.jpg', 'Приведи друга', 'Приведи друга и занимайся бесплатно!', '<p>Твои друзья ленятся? А скоро лето... Спроси их про пляж. И как они себя будут там чувствовать! Ты же уже подготовился!&nbsp;</p>\r\n<p><span style="color: #ff0000;">Сейчас самое время начинать!</span></p>\r\n<p>Приводи друзей!</p>\r\n<p>Ты получаешь <span style="color: #ff0000;">месяц</span> за каждого, &nbsp;а твои друзья <span style="color: #ff0000;">скидку</span> за то, что ты у них есть и ходишь в наш клуб!</p>\r\n<p>В итоге - всем хорошо и без подвоха!</p>\r\n<p></p>', '2014-01-16', 1, '', '', '', NULL, NULL, NULL, '', NULL, NULL, NULL, '', 1),
	(33, 1, '100 персональных занятий за 10 тысяч!', 'Успей записаться! Всего 10 мест в программе!', NULL, 'article_1390659199.jpg', '', '', '<p>Хотите &nbsp; &nbsp; &nbsp; &nbsp; &nbsp;<span><span style="color: #ff0000;">РЕАЛЬНО</span> &nbsp; &nbsp; &nbsp; &nbsp;&nbsp;</span>&nbsp;стать красивым к лету?</p>\r\n<p>Хотите &nbsp; &nbsp; &nbsp; &nbsp; &nbsp;<span style="color: #ff0000;">ДОБИТЬСЯ</span>&nbsp; &nbsp; &nbsp; &nbsp; успехов в этом?</p>\r\n<p>Легкого &nbsp; &nbsp; &nbsp; <span style="color: #ff0000;">&nbsp;</span><span><span style="color: #ff0000;">РЕЗУЛЬТАТА</span> &nbsp; &nbsp;</span>&nbsp;лежа на диване не будет!</p>\r\n<p>Мы даем простое и одновременно сложное решение!</p>\r\n<p>Впервые в городе!</p>\r\n<p>100 занятий? &nbsp; &nbsp; &nbsp; &nbsp; &nbsp; &nbsp; &nbsp; &nbsp; &nbsp; &nbsp; &nbsp;&nbsp;<span style="color: #ff0000;">ЛЕГКО!</span></p>\r\n<p>Каждый день... &nbsp; &nbsp; &nbsp; &nbsp; &nbsp; &nbsp; &nbsp; &nbsp; &nbsp;&nbsp;<span style="color: #ff0000;">&nbsp;МОЖНО!&nbsp;</span> &nbsp; &nbsp;&nbsp;</p>\r\n<p>Прийти к результату? &nbsp; &nbsp; &nbsp; &nbsp;<span>&nbsp;<span style="color: #ff0000;">СТАТЬ КРАСИВЫМ!</span></span></p>\r\n<p><span>Что нужно сделать? Стать одним из первых 10 человек, попавших в программу!</span></p>\r\n<p><span>Не пропускать больше одного занятия в неделю. Пропустив-вылететь! Вылетев-не добиться результата!</span></p>\r\n<p><span>Вывод? Успеть попасть в десятку счастливчиков и работать над собой!</span></p>\r\n<p><span>Первые 10 участников получат спец цену! 100 ЗАНЯТИЙ С ИНСТРУКТОРОМ ЗА 10 ТЫСЯЧ РУБЛЕЙ!</span></p>\r\n<p><span><span>{{w:WorkoutRequestButton|type=red;size=large;label=<span>Стать красивым за 100 дней!</span>;description=<span>Запись на 100 персоналок</span>;modal_submit=Отправить;modal_title=</span><span>Стать одним из 10 счастливчиков!</span><span>}}</span></span></p>', '2014-01-25', 1, '', '', '', NULL, NULL, NULL, '', NULL, NULL, NULL, '', 1),
	(34, 1, 'Сеть SPA салонов проводит набор специалистов', 'The Cure-сеть SPA салонов', NULL, 'article_1392713450.jpg', '', '', '<p>Сеть SPA салонов "The Cure", основанная в городе Дубай (Объединенные Арабские Эмираты), продолжает свое развитие в России, стартуя в г.Чебоксары!</p>\r\n<p>Объявляем срочный набор специалистов по следующим направлениям:</p>\r\n<p>- мастера ногтевого сервиса</p>\r\n<p>- косметологи - эстетисты</p>\r\n<p>- врачи дерматокосметологи</p>\r\n<p>- мастера по перманентному макияжу (татуаж)</p>\r\n<p>- мастера восковой эпиляции</p>\r\n<p>- массажисты</p>\r\n<p>- SPA- консультанты</p>\r\n<p>- преподаватели тренингов салонов и SPA</p>\r\n<p>- администраторы салонов и SPA</p>\r\n<p>- директор салона и SPA</p>\r\n<p>Станьте участником международного движения в большой интернациональной команде красивого бизнеса!</p>\r\n<p>З/П начинается с 15000.</p>\r\n<p>Также есть вакансии в наших филиалах в Дубае. Запишитесь на персональное собеседование с основателем компании в Чебоксарах 20.02.14 по 27.12.14</p>\r\n<p>Запись на собеседование по телефону: 48-83-00</p>\r\n<p>Резюме на: nadia@thecure.ae</p>', '2014-02-18', 1, '', '', '', NULL, NULL, NULL, '', NULL, NULL, NULL, '', 1),
	(35, 1, '"Цитрус Байконур" открыл для Вас свои двери!', 'Сегодня мы провели первую тренировку в новом клубе! ', NULL, 'article_1398101342.JPG', '', '', '<p>Сегодня мы провели первую тренировку в новом клубе! Информация по официальному открытию будет позже!</p>', '2014-04-22', 1, '', '', '', NULL, NULL, NULL, '', NULL, NULL, NULL, '', 1),
	(36, 2, 'Вышла статья в журнале "Авто Гид" о нашем клубе', 'Вышла статья в журнале "Авто Гид" о нашем новом клубе в МКР "Байконур"', NULL, 'article_1398101638.jpg', '', '', '<p>Вышла статья в журнале "Авто Гид" о нашем клубе&nbsp;МКР "Байконур"!</p>', '2014-04-21', 1, '', '', '', NULL, NULL, NULL, '', NULL, NULL, NULL, '', 1),
	(38, 1, '#ДевочкиТакиеДевочки открылись', '#ДевочкиТакиеДевочки открылись! Мы рады представить новый проект кофейни и маникюрного салона!', NULL, 'article_1410331225.jpg', '', '', '<p>#ДевочкиТакиеДевочки открылись! Мы рады представить новый проект кофейни и маникюрного салона! Весь сентябрь бесплатный базовый маникюр за репост из нашей группы&nbsp;<a href="http://vk.com/devochkibar?w=wall-1251376_752">ВКонтакте</a>. Скоро экспресс маникюр в 4 руки!</p>\r\n<p>Запись и бронь столов по тел. 29-37-73</p>\r\n<p>Ул. Ярославская 62.</p>', '2014-09-10', 1, '', '', '', NULL, NULL, NULL, '', NULL, NULL, NULL, '', 1),
	(39, 1, 'Йога студия', '22 сентября на Ярославской 72 начинается ЙОГА!', NULL, 'article_1410331535.jpg', '', '', '<p>22 сентября на Ярославской 72 начинается ЙОГА! Продажа клубных карт уже открыта! тел. 49-00-30</p>', '2014-09-10', 1, '', '', '', NULL, NULL, NULL, '', NULL, NULL, NULL, '', 1),
	(40, 5, 'День открытых дверей', 'Ждем всех желающих. Море эмоций и позитива. Классы с лучшими тренерами клуба!', NULL, 'article_1412140067.jpg', '', '', '<p><img class="img-responsive" src="/uploads/a2e9443af8c9338b4478cb8fa4c61d59.jpg" /></p>', '2014-10-01', 1, '', '', '', NULL, NULL, NULL, '', NULL, NULL, NULL, '', 1),
	(41, 5, 'Открытие йога студии', '	\r\nОткрытие Йога-студии "ЦИТРУС"\r\n', NULL, 'article_1412830093.jpg', '', '', '<p><br />Первую ПРАЗДНИЧНУЮ тренировку по ЙОГЕ проведет для вас Александр Ласковенков. Занятие БЕСПЛАТНОЕ! Мы ждем вас в 18.00!</p>\r\n<p>Узнать более подробную информацию о йога-студии, а также о том, как получить специальный бесплатный БОНУС, вы можете в нашей группе - Йога-студия "ЦИТРУС" г. Чебоксары</p>', '2014-10-06', 1, 'Yoga', '', '', NULL, NULL, NULL, '', NULL, NULL, NULL, '', 1);
/*!40000 ALTER TABLE `article_items` ENABLE KEYS */;


-- Дамп структуры для таблица v3.citrusfit.article_types
DROP TABLE IF EXISTS `article_types`;
CREATE TABLE IF NOT EXISTS `article_types` (
  `id` int(11) NOT NULL AUTO_INCREMENT,
  `title` varchar(300) NOT NULL,
  `created_ip` varchar(300) DEFAULT NULL,
  `created_date` datetime DEFAULT NULL,
  `created_user` int(11) DEFAULT NULL,
  `created_username` varchar(200) NOT NULL,
  `modified_ip` varchar(300) DEFAULT NULL,
  `modified_date` datetime DEFAULT NULL,
  `modified_user` int(11) DEFAULT NULL,
  `modified_username` varchar(300) NOT NULL,
  `active` tinyint(1) NOT NULL DEFAULT '1',
  PRIMARY KEY (`id`)
) ENGINE=InnoDB AUTO_INCREMENT=6 DEFAULT CHARSET=utf8 COMMENT='Типы статей на сайте';

-- Дамп данных таблицы v3.citrusfit.article_types: ~3 rows (приблизительно)
DELETE FROM `article_types`;
/*!40000 ALTER TABLE `article_types` DISABLE KEYS */;
INSERT INTO `article_types` (`id`, `title`, `created_ip`, `created_date`, `created_user`, `created_username`, `modified_ip`, `modified_date`, `modified_user`, `modified_username`, `active`) VALUES
	(1, 'Новости', NULL, NULL, NULL, '', NULL, NULL, NULL, '', 1),
	(2, 'СМИ о нас', NULL, NULL, NULL, '', NULL, NULL, NULL, '', 1),
	(5, 'Спецпредложения', NULL, NULL, NULL, '', NULL, NULL, NULL, '', 1);
/*!40000 ALTER TABLE `article_types` ENABLE KEYS */;


-- Дамп структуры для таблица v3.citrusfit.banners
DROP TABLE IF EXISTS `banners`;
CREATE TABLE IF NOT EXISTS `banners` (
  `id` int(11) NOT NULL AUTO_INCREMENT,
  `club_id` int(11) DEFAULT NULL,
  `title` varchar(256) NOT NULL,
  `link` varchar(256) DEFAULT NULL,
  `image` varchar(512) NOT NULL,
  `image_attr_title` varchar(512) DEFAULT NULL,
  `image_attr_alt` varchar(512) DEFAULT NULL,
  `nn` int(11) NOT NULL DEFAULT '0',
  `created_ip` varchar(300) DEFAULT NULL,
  `created_date` datetime DEFAULT NULL,
  `created_user` int(11) DEFAULT NULL,
  `created_username` varchar(200) NOT NULL,
  `modified_ip` varchar(300) DEFAULT NULL,
  `modified_date` datetime DEFAULT NULL,
  `modified_user` int(11) DEFAULT NULL,
  `modified_username` varchar(300) NOT NULL,
  `active` tinyint(1) NOT NULL DEFAULT '1',
  PRIMARY KEY (`id`),
  KEY `club_id` (`club_id`),
  CONSTRAINT `banners_ibfk_1` FOREIGN KEY (`club_id`) REFERENCES `club_items` (`id`)
) ENGINE=InnoDB AUTO_INCREMENT=12 DEFAULT CHARSET=utf8;

-- Дамп данных таблицы v3.citrusfit.banners: ~6 rows (приблизительно)
DELETE FROM `banners`;
/*!40000 ALTER TABLE `banners` DISABLE KEYS */;
INSERT INTO `banners` (`id`, `club_id`, `title`, `link`, `image`, `image_attr_title`, `image_attr_alt`, `nn`, `created_ip`, `created_date`, `created_user`, `created_username`, `modified_ip`, `modified_date`, `modified_user`, `modified_username`, `active`) VALUES
	(3, NULL, 'Персональные занятия', 'individualnie_zanyatiya_s_trenerom', 'banner_1410853573.jpg', '', '', 1, NULL, NULL, NULL, '', NULL, NULL, NULL, '', 1),
	(7, NULL, '2 карты по цене одной!', '2for1', 'banner_1387812654.jpg', '', '', 2, NULL, NULL, NULL, '', NULL, NULL, NULL, '', 0),
	(8, NULL, '60% на полный абонемент в Цитрус ЮЗР!', '660-za-mesyac/', 'banner_1410882490.jpg', '60% на полный абонемент в Цитрус ЮЗР!', '60% на полный абонемент в Цитрус ЮЗР!', 0, NULL, NULL, NULL, '', NULL, NULL, NULL, '', 1),
	(9, NULL, '#ДевочкиТакиеДевочки', '/article/devochkibarnews/', 'banner_1410331305.jpg', '', '', 0, NULL, NULL, NULL, '', NULL, NULL, NULL, '', 1),
	(10, NULL, 'Открытие йога студии', '/article/yogastudia/', 'banner_1410853559.jpg', '', '', 0, NULL, NULL, NULL, '', NULL, NULL, NULL, '', 1),
	(11, NULL, 'Корпоративный фитнес', 'korporativhiy_fitnes/', 'banner_1410854225.jpg', '', '', 0, NULL, NULL, NULL, '', NULL, NULL, NULL, '', 1);
/*!40000 ALTER TABLE `banners` ENABLE KEYS */;


-- Дамп структуры для таблица v3.citrusfit.blocks
DROP TABLE IF EXISTS `blocks`;
CREATE TABLE IF NOT EXISTS `blocks` (
  `id` int(11) NOT NULL AUTO_INCREMENT,
  `alias` varchar(200) NOT NULL,
  `title` varchar(300) NOT NULL,
  `body` mediumtext,
  `created_ip` varchar(300) DEFAULT NULL,
  `created_date` datetime DEFAULT NULL,
  `created_user` int(11) DEFAULT NULL,
  `created_username` varchar(200) NOT NULL,
  `modified_ip` varchar(300) DEFAULT NULL,
  `modified_date` datetime DEFAULT NULL,
  `modified_user` int(11) DEFAULT NULL,
  `modified_username` varchar(300) NOT NULL,
  `active` tinyint(1) NOT NULL DEFAULT '1',
  PRIMARY KEY (`id`),
  UNIQUE KEY `slug` (`alias`)
) ENGINE=InnoDB AUTO_INCREMENT=4 DEFAULT CHARSET=utf8 COMMENT='Блоки на сайте';

-- Дамп данных таблицы v3.citrusfit.blocks: ~3 rows (приблизительно)
DELETE FROM `blocks`;
/*!40000 ALTER TABLE `blocks` DISABLE KEYS */;
INSERT INTO `blocks` (`id`, `alias`, `title`, `body`, `created_ip`, `created_date`, `created_user`, `created_username`, `modified_ip`, `modified_date`, `modified_user`, `modified_username`, `active`) VALUES
	(1, 'footer', 'Подвал', '<div class="container footer-content">\r\n<div class="row">\r\n<div class="col-xs-5">{{w:DistributionForm}}</div>\r\n<div class="col-xs-4"><a href="/franchise" title="Франшиза фитнес-клуба Цитрус">Франшиза фитнес-клуба Цитрус</a></div>\r\n<div class="col-xs-3">\r\n<div><strong><a href="http://vk.com/citrusfitnes" title=" &laquo;Цитрус&raquo; во &laquo;Вконтакте&raquo;">Группа &nbsp; &nbsp;&laquo;ВКонтакте&raquo;</a></strong></div>\r\n<div><strong><a href="http://forum.na-svyazi.ru/?act=ST&amp;f=25&amp;t=797247&amp;st=510#entry12874940">О нас &nbsp; &nbsp; &nbsp; &nbsp;na-svyazi.ru</a></strong></div>\r\n<div>г. Чебоксары, М-Павлова 10Б</div>\r\n<div>тел.: 8 (8352) <strong><span style="color: #ff0000;">45-25-16</span></strong></div>\r\n</div>\r\n</div>\r\n</div>', NULL, NULL, NULL, '', NULL, NULL, NULL, '', 1),
	(2, 'vk_post', 'vk_post', '<p>Ура! Я иду в фитнес-клуб "Цитрус"! #citrusfit</p>', NULL, NULL, NULL, '', NULL, NULL, NULL, '', 1),
	(3, 'header', 'Шапка', NULL, NULL, NULL, NULL, '', NULL, NULL, NULL, '', 1);
/*!40000 ALTER TABLE `blocks` ENABLE KEYS */;


-- Дамп структуры для таблица v3.citrusfit.catalog_groups
DROP TABLE IF EXISTS `catalog_groups`;
CREATE TABLE IF NOT EXISTS `catalog_groups` (
  `id` int(11) NOT NULL AUTO_INCREMENT,
  `alias` varchar(200) NOT NULL,
  `title` varchar(200) NOT NULL,
  `created_ip` varchar(300) DEFAULT NULL,
  `created_date` datetime DEFAULT NULL,
  `created_user` int(11) DEFAULT NULL,
  `created_username` varchar(200) NOT NULL,
  `modified_ip` varchar(300) DEFAULT NULL,
  `modified_date` datetime DEFAULT NULL,
  `modified_user` int(11) DEFAULT NULL,
  `modified_username` varchar(300) NOT NULL,
  `active` tinyint(1) NOT NULL DEFAULT '1',
  PRIMARY KEY (`id`),
  UNIQUE KEY `slug` (`alias`)
) ENGINE=InnoDB AUTO_INCREMENT=5 DEFAULT CHARSET=utf8;

-- Дамп данных таблицы v3.citrusfit.catalog_groups: ~4 rows (приблизительно)
DELETE FROM `catalog_groups`;
/*!40000 ALTER TABLE `catalog_groups` DISABLE KEYS */;
INSERT INTO `catalog_groups` (`id`, `alias`, `title`, `created_ip`, `created_date`, `created_user`, `created_username`, `modified_ip`, `modified_date`, `modified_user`, `modified_username`, `active`) VALUES
	(1, 'klubnie-karti', 'Клубные карты', NULL, NULL, NULL, '', NULL, NULL, NULL, '', 1),
	(2, 'podarochnie-sertifikati', 'Подарочные сертификаты', NULL, NULL, NULL, '', NULL, NULL, NULL, '', 1),
	(3, 'klip-karti', 'Клип-карты', NULL, NULL, NULL, '', NULL, NULL, NULL, '', 1),
	(4, 'tovari-dlya-sporta', 'Товары для спорта', NULL, NULL, NULL, '', NULL, NULL, NULL, '', 1);
/*!40000 ALTER TABLE `catalog_groups` ENABLE KEYS */;


-- Дамп структуры для таблица v3.citrusfit.catalog_items
DROP TABLE IF EXISTS `catalog_items`;
CREATE TABLE IF NOT EXISTS `catalog_items` (
  `id` int(11) NOT NULL AUTO_INCREMENT,
  `alias` varchar(200) NOT NULL,
  `club_id` int(11) DEFAULT NULL,
  `group_id` int(11) NOT NULL,
  `title` varchar(300) NOT NULL,
  `annotation` varchar(500) DEFAULT NULL,
  `image` varchar(512) DEFAULT NULL,
  `image_attr_alt` varchar(512) DEFAULT NULL,
  `image_attr_title` varchar(512) DEFAULT NULL,
  `body` mediumtext,
  `related` varchar(300) DEFAULT NULL,
  `nn` int(11) NOT NULL DEFAULT '0',
  `meta_index` tinyint(1) NOT NULL DEFAULT '1',
  `meta_title` varchar(300) DEFAULT NULL,
  `meta_keywords` varchar(500) DEFAULT NULL,
  `meta_description` varchar(500) DEFAULT NULL,
  `created_ip` varchar(300) DEFAULT NULL,
  `created_date` datetime DEFAULT NULL,
  `created_user` int(11) DEFAULT NULL,
  `created_username` varchar(200) NOT NULL,
  `modified_ip` varchar(300) DEFAULT NULL,
  `modified_date` datetime DEFAULT NULL,
  `modified_user` int(11) DEFAULT NULL,
  `modified_username` varchar(300) NOT NULL,
  `active` tinyint(1) NOT NULL DEFAULT '1',
  PRIMARY KEY (`id`),
  UNIQUE KEY `slug` (`alias`),
  KEY `group_id` (`group_id`),
  KEY `catalog_ibfk_2` (`club_id`),
  CONSTRAINT `catalog_items_ibfk_1` FOREIGN KEY (`group_id`) REFERENCES `catalog_groups` (`id`),
  CONSTRAINT `catalog_items_ibfk_2` FOREIGN KEY (`club_id`) REFERENCES `club_items` (`id`)
) ENGINE=InnoDB AUTO_INCREMENT=37 DEFAULT CHARSET=utf8 COMMENT='Каталог товаров';

-- Дамп данных таблицы v3.citrusfit.catalog_items: ~33 rows (приблизительно)
DELETE FROM `catalog_items`;
/*!40000 ALTER TABLE `catalog_items` DISABLE KEYS */;
INSERT INTO `catalog_items` (`id`, `alias`, `club_id`, `group_id`, `title`, `annotation`, `image`, `image_attr_alt`, `image_attr_title`, `body`, `related`, `nn`, `meta_index`, `meta_title`, `meta_keywords`, `meta_description`, `created_ip`, `created_date`, `created_user`, `created_username`, `modified_ip`, `modified_date`, `modified_user`, `modified_username`, `active`) VALUES
	(1, 'klubnaya-karta-citrus', NULL, 1, 'Годовая клубная карта ', NULL, 'card_1389215154.jpg', NULL, NULL, '<p><strong>Ищите простое предложение по фитнес программам? Хотите начать заниматься или продлить карту?</strong></p>\r\n<p><strong>Мечты о стройной фигуре и красивом теле не покидают голову.</strong></p>\r\n<p><span style="color: #ff0000;"><strong>Есть отличное решение! Годовая клубная карта фитнес клуба Цитрус! Фитнес без ограничений 365 дней в году</strong></span></p>\r\n<p><span>Владелец карты получает безлимитное право посещения тренажерного зала, групповых занятий и саун в раздевалках. Включает в себя: рекомендации к выбору направления тренировки + полотенце при каждом посещении.</span></p>\r\n<p><span style="color: #ff0000;"><strong><strong>+ Клип карта с заморозкой абонемента на 45 дней!</strong></strong></span></p>\r\n<p>+&nbsp;<strong><span style="font-size: 10.5pt; font-family: \'Helvetica Neue\'; color: red;">Подарочный сертификат&nbsp;на 5000&nbsp;руб! Подарите его и после активации вам будет добавлен&nbsp;месяц плюс к вашей карте</span></strong><span class="apple-converted-space"><b><span style="font-size: 10.5pt; font-family: \'Helvetica Neue\'; color: red;">&nbsp;</span></b></span><strong><span style="font-size: 10.5pt; font-family: \'Helvetica Neue\'; color: red;"><a href="/article/PrivediDruga/"><span>(по акции приведи друга!)</span></a>*.</span></strong></p>\r\n<p><strong><span style="color: #ff0000;">+ 2 карточки на пробное занятие для друзей (стоимость 1000 руб)</span></strong></p>\r\n<p><strong><span style="color: #ff0000;">+ 10 персональных занятий у любого инструктора (примерная стоимость 5000 руб)&nbsp;</span></strong></p>\r\n<p>В итоге:&nbsp;</p>\r\n<p><span>Год фитнеса + 5000 руб + один месяц в подарок</span>&nbsp;<a href="/article/PrivediDruga/">(по системе приведи друга)</a><span>&nbsp;= минимум 1,5 года занятий и красоты.</span></p>\r\n<p>Итоговая стоимость годовой карты в пакете равна&nbsp;<span style="color: #ff0000;"><strong>8900 руб</strong></span></p>\r\n<p>Примерная стоимость месяца с учетом подарка по спец. предложению&nbsp;<strong><span>740 р.</span></strong>!</p>\r\n<p><span style="line-height: 1.428571429;">*Подарочный сертификат может быть использован только на покупку или продление клубных карт. Подарочные сертификаты не суммируются и не могут быть использованы для покупки акционных и специальных карт. Срок действия сертификата 1 мес с момента покупки (должен быть активирован).</span></p>\r\n<p><strong><span style="line-height: 1.428571429; color: #ff0000;">Возможна рассрочка оплаты на 4, 6, 8 месяцев без процентов!</span></strong></p>\r\n<p><span style="line-height: 1.428571429;">Количество карт ограничено.</span></p>\r\n<p></p>', '', 11, 1, 'Годовая клубная карта без ограничений', 'фитнес клуб, чебоксары, Фитнес со звездой в фитнес центре Цитрус, фитнес клуб, звезды, предприниматели, ведущие, известные люди, клубная карта, абонемент, занятия фитнесом, персональный тренер, тренажерный зал, йога, пилатес, тренер, инструктор, красивый инструктор, престижный клуб, красивая фигура, красивое тело, корсунский, русакова, баганова, ведущий для свадьбы, ведущий для корпоратива, ведущий для дня рождения, тамада', 'Годовая клубная карта без ограничений по супер цене с кучей подарков!', NULL, NULL, NULL, '', NULL, NULL, NULL, '', 1),
	(2, 'dnevnaya', NULL, 1, 'Годовая дневная карта', NULL, 'card_1389026071.jpg', NULL, NULL, '<p><span style="color: #ff0000;">Замучало однообразие? Мечтаете что-то изменить?</span></p>\r\n<p><span style="color: #ff0000;">Меняйте себя! Начни с тела, а остальное приложится!</span></p>\r\n<p><span style="color: #ff0000;">Знакомься с новыми людьми, &nbsp;для этого мы и открывали клуб! <a href="/article/PrivediDruga/">Приводи друзей и заводи новых!</a></span></p>\r\n<p><span style="color: #ff0000;">Почувствуй на себе положительное влияние фитнеса.</span></p>\r\n<p>Владелец клубной карты получает безлимитное право посещения тренажерного зала, групповых занятий и саун в раздевалках. Включает в себя: рекомендации к выбору направления тренировки + полотенце при каждом посещении. Клубная карта работает с 8:00 до 17:00 без ограничений!</p>\r\n<p><strong><span style="color: #ff0000;"><strong>+ Вводный инструктаж (инструктор объясняет технику безопасности и как пользоваться тренажарами, клубным оборудованием)</strong></span></strong></p>\r\n<p><strong><span style="color: #ff0000;">+ 5 персональных занятий в подарок!</span></strong> (примерная стоимость 3000 р.)</p>\r\n<p><strong><span style="color: #ff0000;">+ Подарочный сертификат на&nbsp;3000 руб! Подарите его и после активации вам будет добавлен&nbsp;</span></strong><span><strong><span style="color: #ff0000;">месяц плюс к вашей карте</span> </strong><a href="/article/PrivediDruga/">(по акции приведи друга)</a></span></p>\r\n<p><span style="color: #ff0000;"><strong>+ 2 карточки на пробное занятие для друзей </strong><span style="color: #000000;">(стоимость 1000 руб)</span></span></p>\r\n<p style="margin-top: 0cm; margin-right: 0cm; margin-bottom: 7.5pt; margin-left: 0cm; line-height: 15.0pt; background: white;"><span style="color: #ff0000;"><strong><span style="font-size: 10.5pt; font-family: \'Helvetica Neue\';">+ Клип карта с заморозкой абонемента на 45 дней!</span></strong><span style="font-size: 10.5pt; font-family: \'Helvetica Neue\';"><span style="color: #000000;">&nbsp;(стоимость 1500 руб)</span></span></span><span style="font-size: 10.5pt; font-family: \'Helvetica Neue\'; color: #333333;"><o:p></o:p></span></p>\r\n<p>В итоге: <span style="color: #ff0000;"><strong>клубная карта обходится в 3400 р. на ГОД</strong></span>&nbsp;</p>\r\n<p><span style="color: #ff0000;">+ бонусом беспроцентная рассрочка на 4, 6, 8 месяцев</span></p>\r\n<p>*&nbsp;Стоимость карт в клубе может отличаться. <span style="color: #ff0000;">Кол-во карт ограничено. Предложение действует до 20 февраля!</span></p>', '', 9, 1, 'Годовая дневная клубная карта', 'Годовая клубная карта, Фитнес в фитнес центре Цитрус, фитнес клуб,  клубная карта, абонемент, занятия фитнесом, персональный тренер, тренажерный зал, йога, пилатес, тренер, инструктор, красивый инструктор, престижный клуб,  красивое тело, студенческая скидка, студенческая карта, клубная карта, скидки на фитнес, цены на фитнес, фитнес цены, мустанг, вилайн, тренажерный зал мустанг, цитрус чебоксары, fitness, fitnes, fitness club, фитнес центр чебоксары, фитнес клубы Чебоксары, ', 'Годовая дневная клубная карта с пакетом бонусов', NULL, NULL, NULL, '', NULL, NULL, NULL, '', 0),
	(3, 'studencheskaya-6-mesyacev', NULL, 1, 'Карта "Пакет Студент 6 месяцев" *', NULL, 'card_1389026060.jpg', NULL, NULL, '<p>Ограничение по времени с 8.00 &ndash; 17.00 Владелец карты получает безлимитное право посещение тренажерного зала и групповых занятий. Включает в себя: первичный инструктаж, рекомендации к выбору направления тренировки. Оформляется при наличии студенческого билета.</p>\r\n<p><span>*Данная цена действительна только при покупке на сайте. Стоимость карт в клубе может отличаться.&nbsp;</span></p>', NULL, 12, 1, '', '', '', NULL, NULL, NULL, '', NULL, NULL, NULL, '', 0),
	(4, 'studencheskaya-12-mesyacev', NULL, 1, 'Годовой безлимит для студентов! + подарки от клуба', NULL, 'card_1389025909.jpg', NULL, NULL, '<p>Учеба! Учеба! Учеба! Замучался? Однообразно?</p>\r\n<p><span>Добавь драйва! Начни заниматься фитнесом! Жизнь станет интереснее!</span></p>\r\n<p><span>Знакомься с новыми людьми, &nbsp;для этого мы и открывали клуб!&nbsp;<a href="/article/PrivediDruga/">Приводи друзей и заводи новых!</a></span></p>\r\n<p><span style="color: #ff0000;">Скидка на клубную карту до 15 мая больше 40%!</span></p>\r\n<p>Владелец карты получает право на&nbsp;<span>безлимитное&nbsp;</span>посещение (с 08:00 до 17:00) тренажерного зала, групповых занятий и саун в раздевалках . Включает в себя: рекомендации к выбору направления тренировки + полотенце при каждом посещении</p>\r\n<p><strong><span style="color: #ff0000;">+ Вводный инструктаж (инструктор объясняет технику безопасности и как пользоваться тренажарами, клубным оборудованием)</span></strong></p>\r\n<p><strong><span style="color: #ff0000;">+ Персональное занятий в подарок!&nbsp;(примерная стоимость 600 р.)</span></strong></p>\r\n<p><strong><span style="color: #ff0000;">+ Подарочный сертификата&nbsp;1000 руб! Подарите его и после активации вам будет добавлен&nbsp;месяц плюс к вашей карте&nbsp;<span style="color: #ff0000;"><a href="/article/PrivediDruga/">(по акции приведи друга)</a><br /></span></span></strong></p>\r\n<p><strong><span style="color: #ff0000;">+ 2 карточки на пробное занятие для друзей (стоимость 1000 руб)</span></strong></p>\r\n<p><strong><span style="color: #ff0000;">В итоге: &nbsp;годовая клубная карта обходится в 4900 руб в год!</span></strong></p>\r\n<p><span style="color: #ff0000;">А это 410 руб в месяц! (5 чашек эспрессо). Выгодно</span><span style="color: #ff0000;">?</span> Успей купить предложение <span style="color: #ff0000;">действует до 1 апреля!</span> Количество карт ограничено.</p>\r\n<p>Оформляется при наличии студенческого билета.</p>\r\n<p><span>* Стоимость карт в клубе может отличаться.&nbsp;</span></p>', '24,25,26', 16, 1, 'Годовая студенческая клубная карта', 'Фитнес в фитнес центре Цитрус, фитнес клуб, звезды, предприниматели, ведущие, известные люди, клубная карта, абонемент, занятия фитнесом, персональный тренер, тренажерный зал, йога, пилатес, тренер, инструктор, красивый инструктор, престижный клуб,  красивое тело, студенческая скидка, студенческая карта, клубная карта, скидки на фитнес, цены на фитнес, фитнес цены, мустанг, вилайн, тренажерный зал мустанг, цитрус чебоксары', 'Годовая студенческая карта\r\n+ Вводный инструктаж (инструктор объясняет технику безопасности и как пользоваться тренажарами, клубным оборудованием)\r\n\r\n+ Персональное занятий в подарок! (примерная стоимость 600 р.)\r\n\r\n+ Подарочный сертификата 1000 руб! Подарите его и после активации вам будет добавлен месяц плюс к вашей карте (по акции приведи друга)\r\n\r\n+ 2 карточки на пробное занятие для друзей (стоимость 1000 руб)\r\n\r\nВ итоге:  годовая клубная карта обходится в 4900 руб в год!', NULL, NULL, NULL, '', NULL, NULL, NULL, '', 1),
	(5, 'karta-vihodnogo-dnya-6-mesyacev', NULL, 1, 'Выходной безлимит 6 месяцев', NULL, 'card_1389025935.jpg', NULL, NULL, '<p>Год посещений для тех, кто по будням не может. На 2014 год в производственном календаре РФ 118 праздничных и выходных дней! Вы получаете 60 дней полноценного фитнеса за 2990! Стоимость дня 49 рублей!</p>\r\n<p>Владелец карты получает безлимитное право посещение тренажерного зала, групповых занятий и саун в раздевалках по выходным и праздничным дням. Включает в себя: первичный инструктаж, рекомендации к выбору направления тренировки&nbsp;<span>+ полотенце при каждом посещении.</span></p>\r\n<p><span>*Данная цена действительна только при покупке на сайте. Стоимость карт в клубе может отличаться. Количество карт очень сильно ограничено</span></p>', NULL, 15, 1, '', '', '', NULL, NULL, NULL, '', NULL, NULL, NULL, '', 0),
	(6, 'Siesta', NULL, 1, 'Годовая карта Сиеста-лучшее предложение сезона!', NULL, 'card_1389027605.jpg', NULL, NULL, '<p><span>Не знаешь как и когда начать заниматься собой?&nbsp;</span></p>\r\n<p><span>Супер удобная и выгодная клубная карта для тех, кто может днем! <span style="color: #ff0000;">Абсолютный безлимит в течении года с 13:00 до 17:00 ежедневно! 365 тренировок за 4990 рублей. 13 р. за занятие-удобно?</span> Не жди, количество карт ограничено.</span></p>\r\n<p><span>Владелец карты получает безлимитное право посещение <strong>тренажерного зала, групповых занятий и саун в раздевалках</strong>. Включает в себя: рекомендации к выбору направления тренировки + полотенце на каждую тренировку.</span></p>\r\n<p><span style="color: #ff0000;"><strong>+ Вводный инструктаж (инструктор объясняет технику безопасности и как пользоваться тренажарами, клубным оборудованием)</strong></span></p>\r\n<p><strong><span><span style="color: #ff0000;">+ 2 карточки на пробное занятие для друзей</span> (стоимость 1000 руб)</span></strong></p>\r\n<p><span>&nbsp;</span></p>\r\n<p><span>* Цены в клубе могут отличаться. Количество карт ограниченно. Предложение действует <span style="color: #ff0000;">до</span> <strong><span style="color: #ff0000;">23 февраля.</span></strong></span></p>', '25', 19, 1, '', '', '', NULL, NULL, NULL, '', NULL, NULL, NULL, '', 0),
	(8, 'Fitnes-duet', NULL, 1, 'Дарим вторую клубную карту!', NULL, 'card_1398700716.jpg', NULL, NULL, '<p><strong><span style="color: #ff0000;">Дарим вторую, при покупке дневной клубной карты от Фитнес клуба "Цитрус"!</span></strong></p>\r\n<p><span><strong><span style="color: #ff0000;">Предложение действует до 15 сентября.</span></strong><br /></span></p>\r\n<p>Владелец каждой карты получает безлимитное право посещения тренажерного зала и всех групповых занятий без ограничений. Включает в себя: рекомендации к выбору направления тренировки&nbsp;<span>+ полотенце при каждом посещении.</span></p>\r\n<p style="margin-top: 0cm; margin-right: 0cm; margin-bottom: 7.5pt; margin-left: 0cm; line-height: 15.0pt; background: white;"><strong><span style="font-size: 10.5pt; font-family: \'Helvetica Neue\'; color: red;">+ Вводный инструктаж (инструктор объясняет технику безопасности и как пользоваться тренажарами, клубным оборудованием)</span></strong><span style="font-size: 10.5pt; font-family: \'Helvetica Neue\'; color: #333333;"><o:p></o:p></span></p>\r\n<p style="margin-top: 0cm; margin-right: 0cm; margin-bottom: 7.5pt; margin-left: 0cm; line-height: 15.0pt; background: white;"><strong><span style="font-size: 10.5pt; font-family: \'Helvetica Neue\'; color: red;"><strong><span>+ 2 клип карты с заморозкой по 30 дней каждая, в подарок!</span></strong></span></strong></p>\r\n<p><strong><span style="color: #ff0000;">+ 4 карточки на пробное занятие для друзей</span> (стоимость 2000 руб)</strong></p>\r\n<p style="margin-top: 0cm; margin-right: 0cm; margin-bottom: 7.5pt; margin-left: 0cm; line-height: 15.0pt; background: white;"></p>\r\n<p></p>\r\n<p><strong><span style="color: #ff0000;"> Спец. условия-возможна покупка в беспроцентную рассрочку до 8 месяцев.</span></strong></p>', '27,29', 1, 1, 'Две карты по цене одной. Фитнес клуб Цитрус', 'Две карты по цене одной, Фитнес клуб Цитрус, Фитнес в центре Цитрус, фитнес клуб, клубная карта, абонемент, занятия фитнесом, персональный тренер, тренажерный зал, йога, пилатес, тренер, инструктор, красивый инструктор, престижный клуб,  красивое тело, студенческая скидка, студенческая карта, клубная карта, скидки на фитнес, цены на фитнес, фитнес цены, мустанг, вилайн, тренажерный зал мустанг, цитрус чебоксары, фитнес мустанг', 'Самое выгодное предложение сезона в Чебоксарах! Две карты по цене одной!', NULL, NULL, NULL, '', NULL, NULL, NULL, '', 1),
	(9, 'karta-vihodnogo-dnya-12-mesyacev', NULL, 1, 'Выходной безлимит 12 месяцев', NULL, 'card_1389026028.jpg', NULL, NULL, '<p>Год посещений по выходным! На 2014 год в производственном календаре РФ 118 праздничных и выходных дней. 118 дней полноценного фитнеса за 3990 руб! А с учетом подарков от клуба <span style="color: #ff0000;">стоимость дня 16 рублей</span>!</p>\r\n<p>Владелец карты получает безлимитное право посещение тренажерного зала, групповых занятий и саун в раздевалках по выходным и праздничным дням. Включает в себя: рекомендации к выбору направления тренировки&nbsp;<span>+ полотенце при каждом посещении.</span></p>\r\n<p><span style="color: #ff0000;"><strong>+ Вводный инструктаж (инструктор объясняет технику безопасности и как пользоваться тренажарами, клубным оборудованием)</strong></span></p>\r\n<p><span style="color: #ff0000;"><strong>+ Подарочный сертификата&nbsp;1000 руб! Подарите его и после активации вам будет добавлен&nbsp;месяц плюс к вашей карте&nbsp;<span style="color: #ff0000;"><a href="/article/PrivediDruga/">(по акции приведи друга)</a>.</span></strong></span></p>\r\n<p><strong><span><span style="color: #ff0000;">+ 2 карточки на пробное занятие для друзей</span> (стоимость 1000 руб)</span></strong></p>\r\n<p><span>* Стоимость карт в клубе может отличаться. Количество карт очень сильно ограничено</span></p>', '25', 17, 1, 'Годовая клубная карта выходного дня', '', 'Годовая клубная карта выходного дня', NULL, NULL, NULL, '', NULL, NULL, NULL, '', 1),
	(12, 'citrus-detyam', NULL, 1, 'Цитрус – детям', NULL, 'card_1389025715.jpg', NULL, NULL, '<p>Все занятия по одной клубной карте. С 14:00 до 17:00 ребенок занят в различных секциях и кружках клуба.</p>\r\n<p>Английский язык</p>\r\n<p>Актерское мастерство</p>\r\n<p>Творческая мастерская</p>\r\n<p>Юный фотограф</p>\r\n<p>Танцевальная студия</p>\r\n<p>Тай-бо</p>\r\n<p>Йога&nbsp;</p>\r\n<p>Здоровая спина</p>', NULL, 2, 1, '', '', '', NULL, NULL, NULL, '', NULL, NULL, NULL, '', 0),
	(13, '10leto', NULL, 1, 'Лето-сезон подарков! Дарим 6 месяцев к карте', NULL, 'card_1405412089.jpg', NULL, NULL, '<p>Выглядите на все 100 ? <span style="color: #ff0000;">Уверены?</span></p>\r\n<p>Лето - пора пляжей, моря, солнца и ... Красивых людей!</p>\r\n<p>Войти в форму и начать собирать завистливые взгляды - легко!&nbsp;</p>\r\n<p><strong><span style="color: #ff0000;">10 месяцев занятий без ограничений по времени и количеству! + 6 месяцев в подарок!</span></strong></p>\r\n<p><span>Владелец карты получает <strong>безлимитное право посещения тренажерного зала, групповых занятий и саун в раздевалках.</strong> Включает в себя: рекомендации к выбору направления тренировки + полотенце при каждом посещении.</span></p>\r\n<p><strong>А так же в подарок к весне:</strong></p>\r\n<p><strong><span style="color: #ff0000;">&nbsp; &nbsp;-Вводный инструктаж (инструктор объясняет технику безопасности и как пользоваться тренажарами, клубным оборудованием)</span></strong></p>\r\n<p><strong><span style="color: #ff0000;">&nbsp; &nbsp;-1 персональное занятие с тестированием и рекомендациями к тренировкам</span></strong></p>\r\n<p><strong><span style="color: #ff0000;">&nbsp; &nbsp;-Подарочный сертификат&nbsp;на 1000&nbsp;руб! Подарите его и после активации вам будет добавлен&nbsp;месяц плюс к вашей карте <span style="color: #ff0000;"><a href="/article/PrivediDruga/">(по акции приведи друга!)</a>*</span>.<br /></span></strong></p>\r\n<p><strong><span style="color: #ff0000;">Все еще чего-то ждете? &nbsp;Бегите занимайтесь!&nbsp;</span></strong></p>\r\n<p></p>\r\n<p><span style="color: #000000;">Количество карт ограничено. Стоимость в клубе может отличаться от стоимости на сайте. <span style="color: #ff0000;"><strong>Специальное предложение действует с </strong></span></span></p>\r\n<p><span style="color: #000000;"><span style="color: #ff0000;"><strong>с 15 июля 6 месяцев в подарок!</strong></span></span></p>\r\n<p><span style="color: #000000;"><span style="color: #ff0000;"><strong>с 18 июля 5 месяцев в подарок!</strong></span></span></p>\r\n<p><span style="color: #000000;"><span style="color: #ff0000;"><strong>с 21 июля 4 месяца в подарок!</strong></span></span></p>\r\n<p><span style="color: #000000;"><span style="color: #ff0000;"><strong>с 24 июля 3 месяца в подарок!</strong></span></span></p>\r\n<p><strong><span style="color: #ff0000;"><span></span></span></strong><span style="color: #ff0000;"><span style="color: #000000;">*Подарочный сертификат может быть использован только на покупку или продление клубных карт. Подарочные сертификаты не суммируются и не могут быть использованы для покупки акционных и специальных карт. Срок действия сертификата 1 мес с момента покупки (должен быть активирован).</span></span></p>', '24,25,26', 4, 1, 'Безлимитная карта на 16 месяцев', 'Начинай заниматься уже сейчас! Новая клубная карта "Весна в Цитрусе"! 5 месяцев занятий без ограничений по времени и количеству!\r\n\r\nСкидка больше 35%\r\n\r\nВладелец карты получает безлимитное право посещения тренажерного зала, групповых занятий и саун в раздевалках. Включает в себя: рекомендации к выбору направления тренировки + полотенце при каждом посещении.', 'Начинай заниматься уже сейчас! Новая клубная карта "Весна в Цитрусе"! 5 месяцев занятий без ограничений по времени и количеству!\r\n\r\nСкидка больше 35%\r\n\r\nВладелец карты получает безлимитное право посещения тренажерного зала, групповых занятий и саун в раздевалках. Включает в себя: рекомендации к выбору направления тренировки + полотенце при каждом посещении.', NULL, NULL, NULL, '', NULL, NULL, NULL, '', 0),
	(14, 'korporativnaya-karta', NULL, 1, 'Корпоративная карта', NULL, 'card_1389025654.jpg', NULL, NULL, '<p><strong>Хотите выгодно заниматься фитнесом?</strong></p>\r\n<p><strong>У вас есть большой коллектив?&nbsp;</strong></p>\r\n<p><strong>Все ходят в разные места?</strong></p>\r\n<p><strong>Объединяйтесь! Это выгодно! Больше народу - <span style="color: #ff0000;">ниже цены!</span></strong></p>\r\n<p><span style="color: #ff0000;"><strong>Скидка на клубные карты до 70%!</strong></span></p>\r\n<p>Специальное предложение для организаторов от компаний клубная карта в подарок!*</p>\r\n<p>Выгодно для владельцев бизнеса! Снижение налогооблагаемой базы, снижение заболеваемости сотрудников, сплочение коллектива!</p>\r\n<p><span style="color: #ff0000;">На выходе - увеличение доходов предприятия! Затраты окупятся в первый год!</span></p>\r\n<p>Что получает владелец карты? Безлимитные посещения тренажерного зала, групповых занятий и саун в раздевалках! Бонусом: первичный инструктаж, рекомендации к выбору направления тренировки, 2 персональных занятия с тренером + полотенце перед каждой тренировкой!</p>\r\n<p><span style="color: #ff0000;">Оставьте заявку и наши инструкторы проведут ознакомительное занятие для вашей компании бесплатно!</span></p>\r\n<p><span>Дополнительные плюсы:</span></p>\r\n<p><span><span><span><span><span>-</span><span>в</span></span>озможность переоформления карты с одного на другого сотрудника</span></span></span></p>\r\n<p><span><span><span>-бонусы при продлении карт</span></span></span></p>\r\n<p><span><span><span>-возможность наличной и безналичной оплаты</span></span></span></p>\r\n<p><span><span><span>-присоединение к программе новых сотрудников с дополнительными скидками для Вас</span></span></span></p>\r\n<p><span><span><span>-оплата как от организаций (полная или частичная), так и от самих работников по спискам</span></span></span></p>\r\n<p>*Подробности у менеджеров клуба.&nbsp;<span>На 1 организацию регистрируется не менее 5 карт.</span></p>', NULL, 3, 1, '', '', '', NULL, NULL, NULL, '', NULL, NULL, NULL, '', 0),
	(15, 'semejnui-duet', NULL, 1, '2 карты на Год по супер цене!', NULL, 'card_1389210703.jpg', NULL, NULL, '<p>Фитнес не просто модное слово в вашей семье?</p>\r\n<p>Расходы на спорт и занятия в год на всех сопоставимы с поездкой за границу?</p>\r\n<p>Есть решение! Быть семейным выгодно!</p>\r\n<p>2 карты по цене одной от Фитнес клуба "Цитрус"!&nbsp;</p>\r\n<p>Спец. предложение на ГОД без ограничений&nbsp;<span style="color: #ff0000;"><strong>(</strong></span><span><span style="color: #ff0000;"><strong>615 р. в месяц)</strong></span>! &nbsp;<span>Действует до 1 апреля.</span>*</span></p>\r\n<p>Владелец каждой карты получает безлимитное право посещения тренажерного зала, всех групповых занятий и саун в раздевалках без ограничений. Включает в себя: первичный инструктаж, рекомендации к выбору направления тренировки&nbsp;<span>+ полотенце при каждом посещении.</span></p>\r\n<p><span style="color: #ff0000;"><strong>+ Вводный инструктаж (инструктор объясняет технику безопасности и как пользоваться тренажарами, клубным оборудованием)</strong><o:p></o:p></span></p>\r\n<p><span style="color: #ff0000;"><strong><strong>+ 2 клип карты с заморозкой по 30 дней каждая, в подарок!</strong></strong></span></p>\r\n<p><strong><span style="color: #ff0000;">+ 4 карточки на пробное занятие для друзей</span>&nbsp;(стоимость 2000 руб)</strong></p>\r\n<p>Покупка возможна только для членов одной семьи.&nbsp;</p>\r\n<p><span>*Данная цена действительна только при покупке на сайте. Стоимость карт в клубе может отличаться.&nbsp;</span></p>\r\n<p><span style="color: #ff0000;"><strong>Спец. условия-возможна покупка в беспроцентную рассрочку на 10 месяцев (10 платежей по 899 р. за 1 карту!)</strong></span></p>', '24,25,26', 12, 1, 'Семейный безлимит! 2 карты по цене одной!', 'Фитнес клуб\r\nКак открыть фитнес клуб\r\nПроект фитнес клуба\r\nДизайн фитнес клуба\r\nАвтоматизация фитнес клуба\r\nУчет в фитнес клубе\r\nСервис фитнес клуба\r\nРеклама фитнес клуба\r\nХеликс фитнес\r\nuniverse soft\r\nкупить фитнес клуб\r\n', 'Фитнес не просто модное слово в вашей семье?\r\n\r\nРасходы на спорт и занятия в год на всех сопоставимы с поездкой за границу?\r\n\r\nЕсть решение! Быть семейным выгодно!\r\n\r\n2 карты по цене одной от Фитнес клуба "Цитрус"! ', NULL, NULL, NULL, '', NULL, NULL, NULL, '', 0),
	(16, 'fitnes1000', NULL, 2, 'Номинал 1000 рублей', NULL, 'card_1395773978.jpg', NULL, NULL, '<p>Для коллег, друзей и хороших людей!&nbsp;</p>\r\n<p><span>Сертификат можно потратить в зачет клубной карты или обменять на <span style="color: #ff0000;">3</span></span><span>&nbsp;</span><span>посещения любых тренировок из общего расписания клуба и сауны без доплат</span><span>.</span></p>\r\n<p>.</p>\r\n<p>.</p>\r\n<p>.</p>\r\n<p>.</p>\r\n<p>.</p>\r\n<p><b>Обращаем Ваше внимание на условия активации Подарочных сертификатов:</b>&nbsp;</p>\r\n<p>1. Данный сертификат возможно активировать в течение 90 дней со дня покупки&nbsp;</p>\r\n<p>2. На оформление одной услуги может быть использована только один Подарочный сертификат&nbsp;</p>\r\n<p>3. Стоимость услуги не может быть меньше номинала Подарочного сертификата</p>\r\n<p>4. Время, сроки и условия доставки обговариваются дополнительно</p>\r\n<ul></ul>\r\n<ul></ul>\r\n<ul></ul>\r\n<p></p>\r\n<p>Оплата заказа в нашем интернет-магазине производится через ROBOKASSA. Вы можете воспользоваться любой удобной для Вас формой электронного платежа. После подтверждения оплаты Вашего заказа с Вами свяжется менеджер и пригласит Вас в клуб или организует доставку в удобное Вам время. Рады, что Вы в нашей команде!</p>', '', 12, 1, '', '', '', NULL, NULL, NULL, '', NULL, NULL, NULL, '', 1),
	(17, 'fitnes3000', NULL, 2, 'Номинал 3000 рублей', NULL, 'card_1395773990.jpg', NULL, NULL, '<p>Лучший подарок ко дню влюбленных!&nbsp;</p>\r\n<p><span>Сертификат можно потратить в зачет клубной карты, или обменять на&nbsp;<span style="color: #ff0000;">12</span></span><span style="color: #ff0000;">&nbsp;</span><span>посещений любых тренировок из общего расписания клуба и сауны без доплат</span><span>.</span></p>\r\n<p></p>\r\n<p>.</p>\r\n<p>.</p>\r\n<p>.</p>\r\n<p>.</p>\r\n<p>.</p>\r\n<p><b>Обращаем Ваше внимание на условия активации Подарочных сертификатов:</b>&nbsp;</p>\r\n<p>1. Данный сертификат возможно активировать в течение 90 дней со дня покупки&nbsp;</p>\r\n<p>2. На оформление одной услуги может быть использован только один Подарочный сертификат&nbsp;</p>\r\n<p>3. Стоимость услуги не может быть меньше номинала Подарочного сертификата</p>\r\n<p>4. Время, сроки и условия доставки обговариваются дополнительно</p>\r\n<ul></ul>\r\n<ul></ul>\r\n<ul></ul>\r\n<p></p>\r\n<p>Оплата заказа в нашем интернет-магазине производится через ROBOKASSA. Вы можете воспользоваться любой удобной для Вас формой электронного платежа. После подтверждения оплаты Вашего заказа с Вами свяжется менеджер и пригласит Вас в клуб или организует доставку в удобное Вам время. Рады, что Вы в нашей команде!</p>', '27,29', 13, 1, '', '', '', NULL, NULL, NULL, '', NULL, NULL, NULL, '', 1),
	(18, 'fitnes5000', NULL, 2, 'Номинал 5000 рублей', NULL, 'card_1395774007.jpg', NULL, NULL, '<p>Маме, папе, брату и сестре. Куму и куме и главное &ndash; любимой жене!</p>\r\n<p><span>Сертификат можно потратить в зачет клубной карты или обменять на&nbsp;<span style="color: #ff0000;">24</span></span><span>&nbsp;</span><span>посещения любых тренировок из общего расписания клуба и сауны без доплат</span><span>.</span></p>\r\n<p>.</p>\r\n<p>.</p>\r\n<p>.</p>\r\n<p>.</p>\r\n<p>.</p>\r\n<p><b>Обращаем Ваше внимание на условия активации Подарочных сертификатов:</b>&nbsp;</p>\r\n<p>1. Данный сертификат возможно активировать в течение 90 дней со дня покупки&nbsp;</p>\r\n<p>2. На оформление одной услуги может быть использована только один Подарочный сертификат&nbsp;</p>\r\n<p>3. Стоимость услуги не может быть меньше номинала Подарочного сертификата</p>\r\n<p>4. Время, сроки и условия доставки обговариваются дополнительно</p>\r\n<ul></ul>\r\n<ul></ul>\r\n<ul></ul>\r\n<p></p>\r\n<p>Оплата заказа в нашем интернет-магазине производится через ROBOKASSA. Вы можете воспользоваться любой удобной для Вас формой электронного платежа. После подтверждения оплаты Вашего заказа с Вами свяжется менеджер и пригласит Вас в клуб или организует доставку в удобное Вам время. Рады, что Вы в нашей команде!</p>', '', 14, 1, '', '', '', NULL, NULL, NULL, '', NULL, NULL, NULL, '', 1),
	(19, 'fitnes10000', NULL, 2, 'Номинал 10000 рублей', NULL, 'card_1395774020.jpg', NULL, NULL, '<p>Лучший подарок для красивого тела и крепкого здоровья на все времена!</p>\r\n<p><span>Сертификат можно потратить в зачет клубной карты, карты персонального тренинга или обменять на&nbsp;<span style="color: #ff0000;">60</span></span><span>&nbsp;</span><span>посещений любых тренировок из общего расписания клуба и сауны без доплат</span><span>.</span></p>\r\n<p>.</p>\r\n<p>.</p>\r\n<p>.</p>\r\n<p>.</p>\r\n<p><b>Обращаем Ваше внимание на условия активации Подарочных сертификатов:</b>&nbsp;</p>\r\n<p>1. Данный сертификат возможно активировать в течение 90 дней со дня покупки&nbsp;</p>\r\n<p>2. На оформление одной услуги может быть использована только один Подарочный сертификат&nbsp;</p>\r\n<p>3. Стоимость услуги не может быть меньше номинала Подарочного сертификата</p>\r\n<p>4. Время, сроки и условия доставки обговариваются дополнительно</p>\r\n<ul></ul>\r\n<ul></ul>\r\n<ul></ul>\r\n<p></p>\r\n<p>Оплата заказа в нашем интернет-магазине производится через ROBOKASSA. Вы можете воспользоваться любой удобной для Вас формой электронного платежа. После подтверждения оплаты Вашего заказа с Вами свяжется менеджер и пригласит Вас в клуб или организует доставку в удобное Вам время. Рады, что Вы в нашей команде!</p>', '', 15, 1, '', '', '', NULL, NULL, NULL, '', NULL, NULL, NULL, '', 1),
	(20, '100personalok', NULL, 1, '100 ПЕРСОНАЛОК за 10 тыс. рублей!', NULL, 'card_1390658583.jpg', NULL, NULL, '<p>Хотите &nbsp; &nbsp; &nbsp; &nbsp; &nbsp;<span style="color: #ff0000;">РЕАЛЬНО &nbsp; &nbsp; &nbsp; &nbsp;&nbsp;</span> стать красивым к лету?</p>\r\n<p>Хотите &nbsp; &nbsp; &nbsp; &nbsp; <span style="color: #ff0000;">ДОБИТЬСЯ</span>&nbsp; &nbsp; &nbsp; &nbsp; успехов в этом?</p>\r\n<p>Легкого &nbsp; &nbsp; &nbsp;&nbsp;<span style="color: #ff0000;">РЕЗУЛЬТАТА &nbsp; &nbsp;</span> лежа на диване не будет!</p>\r\n<p>Мы даем простое и одновременно сложное решение!</p>\r\n<p>Впервые в городе!</p>\r\n<p>100 занятий? &nbsp; &nbsp; &nbsp; &nbsp; &nbsp; &nbsp; &nbsp; &nbsp; &nbsp; &nbsp; &nbsp;&nbsp;<span style="color: #ff0000;">ЛЕГКО</span></p>\r\n<p>Каждый день... &nbsp; &nbsp; &nbsp; &nbsp; &nbsp; &nbsp; &nbsp; &nbsp; &nbsp;&nbsp;<span style="color: #ff0000;">&nbsp;МОЖНО</span>&nbsp; &nbsp; &nbsp;&nbsp;</p>\r\n<p>Прийти к результату? &nbsp; &nbsp; &nbsp; &nbsp;<span style="color: #ff0000;"> СТАТЬ КРАСИВЫМ!</span></p>\r\n<p><span style="color: #000000;">Что нужно сделать? Стать одним из первых 10 человек, попавших в программу!</span></p>\r\n<p><span style="color: #000000;">Не пропускать больше двух занятий в неделю. Пропустив-вылететь! Вылетев-не добиться результата!</span></p>\r\n<p><span style="color: #000000;">Вывод? Успеть попасть в десятку счастливчиков и работать над собой!</span></p>\r\n<p><span style="color: #000000;">Первые 10 участников получат спец цену! 100 ЗАНЯТИЙ С ИНСТРУКТОРОМ ЗА 10 ТЫСЯЧ РУБЛЕЙ!</span></p>\r\n<p>&nbsp;&nbsp;</p>', '', 11, 1, '', '', '', NULL, NULL, NULL, '', NULL, NULL, NULL, '', 0),
	(21, '10mesiacev', 1, 1, '"ВЕСНА В ЦИТРУСЕ" 10 месяцев безлимита! Подготовься к лету!', NULL, 'card_1390936901.jpg', NULL, NULL, '<p>Выглядите на все 100 ?&nbsp;<span style="color: #ff0000;">Уверены?</span></p>\r\n<p><span style="color: #ff0000;">Лето</span> - пора пляжей, моря, солнца и ... <span style="color: #ff0000;">Красивых людей!</span></p>\r\n<p>Войти в форму и начать собирать завистливые взгляды - <span style="color: #ff0000;">легко!</span>&nbsp;</p>\r\n<p>Начинай заниматься уже сейчас! Новая клубная карта "Весна в Цитрусе"!&nbsp;<span style="color: #ff0000;"><strong>10 месяцев занятий без ограничений по времени и количеству!</strong></span></p>\r\n<p><span style="color: #ff0000;"><strong>Скидка больше 45%</strong></span></p>\r\n<p><span>Владелец карты получает&nbsp;<strong>безлимитное право посещения тренажерного зала, групповых занятий и саун в раздевалках.</strong>&nbsp;Включает в себя: рекомендации к выбору направления тренировки + полотенце при каждом посещении.</span></p>\r\n<p><strong>А так же в подарок к весне:</strong></p>\r\n<p><strong><span>&nbsp; <span style="color: #ff0000;">+ Вводный инструктаж (инструктор объясняет технику безопасности и как пользоваться тренажарами, клубным оборудованием)</span></span></strong></p>\r\n<p><span style="color: #ff0000;"><strong>&nbsp; + 1 персональное занятие с тестированием и рекомендациями к тренировкам (от 500 руб)</strong></span></p>\r\n<p></p>\r\n<p><span style="color: #ff0000;"><strong>&nbsp; + 2 карточки на пробное занятие для друзей&nbsp;</strong>(стоимость 1000 руб)</span></p>\r\n<p><strong><span><span style="color: #ff0000;">&nbsp; + Подарочный сертификат&nbsp;на 1000&nbsp;руб! Подарите его и после активации вам будет добавлен&nbsp;месяц плюс к вашей карте</span>&nbsp;<span><a href="/article/PrivediDruga/">(по акции приведи друга!)</a><span style="color: #ff0000;">*</span></span><span style="color: #ff0000;">.</span></span></strong></p>\r\n<p><span style="color: #000000;"><strong>Все еще чего-то ждете? &nbsp;Уже получили карту за 790 руб в месяц (с учетом всех скидок и подарков). <span style="color: #ff0000;">Бегите занимайтесь! Лето близко!</span></strong></span></p>\r\n<p><span>+ бонусом беспроцентная рассрочка на 10 месяцев</span></p>\r\n<p><span></span>Стоимость карт в клубе может отличаться.&nbsp;Кол-во карт ограничено. <span style="color: #ff0000;">Предложение действует до 20 февраля!</span></p>\r\n<p><strong><span><span></span></span></strong><span><span>*Подарочный сертификат может быть использован только на покупку или продление клубных карт. Подарочные сертификаты не суммируются и не могут быть использованы для покупки акционных и специальных карт. Срок действия сертификата 1 мес с момента покупки (должен быть активирован).</span></span></p>', '26,27,29', 1, 1, '', '', '', NULL, NULL, NULL, '', NULL, NULL, NULL, '', 0),
	(22, 'test_robo', NULL, 1, 'Тест робокассы', NULL, 'card_1389025715.jpg', NULL, NULL, 'Тестирование робокассы', NULL, 1, 1, '', '', '', NULL, NULL, NULL, '', NULL, NULL, NULL, '', 0),
	(23, 'lifeandnews', 1, 1, 'Life and Love special', NULL, 'card_1392210889.png', NULL, NULL, '<p><strong><span style="color: #ff0000;">Специальное предложение</span></strong> для читателей журнала <span style="color: #000000;"><strong><span style="background-color: #ffffff;">LIFE and LOVE</span>!</strong></span> <span style="color: #ff0000;"><strong>5</strong> персональных занятий</span> <span style="color: #ff0000;">и <strong>месяц</strong> безлимитного посещения по супер цене!</span> Всего 30 карточек! ВЕСНА рядом! Успей купить!</p>', '', 0, 1, '', '', '', NULL, NULL, NULL, '', NULL, NULL, NULL, '', 0),
	(24, 'zamorozka15', NULL, 3, 'Карта Заморозка 15 дней', NULL, 'card_1391459300.jpg', NULL, NULL, '<p>Клип карта с дополнительной заморозкой на 15 дней. Действует на все клубные карты.<span>Количество заморозок по карте: 1.&nbsp;</span>Не продлевает закончившиеся карты. Заморозка не производится автоматически. Требуется активация в клубе или по телефону: 45-25-16.</p>', '', 5, 1, '', '', '', NULL, NULL, NULL, '', NULL, NULL, NULL, '', 1),
	(25, 'zamorozka30', NULL, 3, 'Карта Заморозка 30 дней', NULL, 'card_1391459949.jpg', NULL, NULL, '<p><span>Клип карта с дополнительной заморозкой на 30 дней. Действует на все клубные карты.&nbsp;<span>Количество заморозок по карте: не более 2.&nbsp;</span>Не продлевает закончившиеся карты. Заморозка не производится автоматически. Требуется активация в клубе или по телефону: 45-25-16.</span></p>', '', 6, 1, '', '', '', NULL, NULL, NULL, '', NULL, NULL, NULL, '', 1),
	(26, 'zamorozka45', NULL, 3, 'Карта Заморозка 45 дней', NULL, 'card_1391460334.jpg', NULL, NULL, '<p><span>Клип карта с дополнительной заморозкой на 45 дней. Действует на все клубные карты. Количество заморозок по карте: не более 3. Не продлевает закончившиеся карты. Заморозка не производится автоматически. Требуется активация в клубе или по телефону: 45-25-16.</span></p>', '', 7, 1, '', '', '', NULL, NULL, NULL, '', NULL, NULL, NULL, '', 1),
	(27, 'kovrik-redrish', NULL, 4, 'Коврик для йоги Ришикеш (бордовый)', NULL, 'card_1391462083.jpg', NULL, NULL, '<p>Проверенный временем, супер прочный коврик Ришикеш для занятий Йогой и Пилатес. Идеальный вариант цена-качество!</p>\r\n<p>Размеры: 60х175 см</p>\r\n<p><span>Срок доставки 2-3 дня.</span></p>', '', 8, 1, '', '', '', NULL, NULL, NULL, '', NULL, NULL, NULL, '', 1),
	(28, 'kovrik-greenrish', NULL, 4, 'Коврик для йоги Ришикеш (зеленый)', NULL, 'card_1391462295.jpg', NULL, NULL, '<p>Проверенный временем, супер прочный коврик Ришикеш для занятий Йогой и Пилатес. Идеальный вариант цена-качество!</p>\r\n<p>Размеры: 60х175 см</p>\r\n<p><span>Срок доставки 2-3 дня.</span></p>', '', 9, 1, '', '', '', NULL, NULL, NULL, '', NULL, NULL, NULL, '', 1),
	(29, 'chexol', NULL, 4, 'Чехол для коврика Ришикеш', NULL, 'card_1391462531.jpg', NULL, NULL, '<p>Удобный чехол для коврика Ришикеш 60 см шириной.&nbsp;</p>\r\n<p>Срок доставки 2-3 дня.</p>', '', 10, 1, '', '', '', NULL, NULL, NULL, '', NULL, NULL, NULL, '', 1),
	(30, 'goodmeeting', 1, 1, 'Весна в клубе!', NULL, 'card_1392322907.jpg', NULL, NULL, '<p><span style="color: #ff0000;">Скоро Весна, а вы одиноко проводите время? Мечтаете о разнообразии и новых знакомствах?</span></p>\r\n<p>Легко! Клубная и дружеская атмосфера фитнес клуба Цитрус всегда располагает к новым встречам! Регулярно проводим внеклубные мероприятия от <a href="http://vk.com/album-13375929_114217589">велопробегов</a> до дружеских посиделок в <a href="http://lemonbar.ru/">Лемон Баре</a>. Присоединяйся! Некоторые уже успели даже пожениться!&nbsp;</p>\r\n<p>Начинай заниматься уже сейчас! Новая клубная карта "Весна в Цитрусе"!&nbsp;<span style="color: #ff0000;"><strong>10 месяцев занятий без ограничений по времени и количеству!</strong></span></p>\r\n<p><span style="color: #ff0000;"><strong>Скидка больше 45%</strong></span></p>\r\n<p><span>Владелец карты получает&nbsp;<span style="color: #ff0000;"><strong>безлимитное право посещения тренажерного зала, групповых занятий и саун в раздевалках.</strong></span>&nbsp;Включает в себя: рекомендации к выбору направления тренировки + полотенце при каждом посещении.</span></p>\r\n<p><span style="color: #ff0000;"><strong>А так же в подарок к весне:</strong></span></p>\r\n<p><span style="color: #ff0000;"><strong>&nbsp;&nbsp;+ Вводный инструктаж (инструктор объясняет технику безопасности и как пользоваться тренажарами, клубным оборудованием)</strong></span></p>\r\n<p><span style="color: #ff0000;"><strong>&nbsp; + 1 персональное занятие с тестированием и рекомендациями к тренировкам (от 500 руб)</strong></span></p>\r\n<p><span style="color: #ff0000;"><strong>&nbsp; + 2 карточки на пробное занятие для друзей&nbsp;</strong>(стоимость 1000 руб)</span></p>\r\n<p><strong><span><span style="color: #ff0000;">&nbsp; + Подарочный сертификат&nbsp;на 1000&nbsp;руб! Подарите его и после активации вам будет добавлен&nbsp;месяц плюс к вашей карте</span>&nbsp;<span><a href="/article/PrivediDruga/">(по акции приведи друга!)</a><span style="color: #ff0000;">*</span></span><span style="color: #ff0000;">.</span></span></strong></p>\r\n<p><span style="color: #ff0000;"><strong>Все еще чего-то ждете? &nbsp;Уже получили карту за 790 руб в месяц (с учетом всех скидок и подарков).&nbsp;Бегите занимайтесь! Лето близко!</strong></span></p>\r\n<p><span>+ бонусом беспроцентная рассрочка на 10 месяцев</span></p>\r\n<p><span></span>Стоимость карт в клубе может отличаться.&nbsp;Кол-во карт ограничено.&nbsp;<span>Предложение действует до 1 марта!</span></p>\r\n<p><strong><span><span></span></span></strong><span><span>*Подарочный сертификат может быть использован только на покупку или продление клубных карт. Подарочные сертификаты не суммируются и не могут быть использованы для покупки акционных и специальных карт. Срок действия сертификата 1 мес с момента покупки (должен быть активирован).</span></span></p>', '', 0, 1, '', '', '', NULL, NULL, NULL, '', NULL, NULL, NULL, '', 0),
	(31, 'Hollidays', NULL, 1, 'Клубная карта "День рождения рядом"!', NULL, 'card_1407783500.jpg', NULL, NULL, '<p><span style="line-height: 1.428571429;">Клубная карта со скидкой за 7 дней до и после дня рождения!</span></p>\r\n<p><span style="line-height: 1.428571429;">Бронируйте на сайте или звоните по тел. <span style="color: #ff0000;">49-00-30</span>! Останется только сказать менеджеру о Вашем празднике!</span></p>\r\n<p></p>\r\n<p><span style="line-height: 1.428571429;">Владелец карты получает&nbsp;</span><strong style="line-height: 1.428571429;">безлимитное право посещения тренажерного зала, групповых занятий и саун в раздевалках.</strong><span style="line-height: 1.428571429;">&nbsp;Включает в себя: рекомендации к выбору направления тренировки + полотенце при каждом посещении.</span></p>\r\n<p><span style="color: #ff0000;"><strong>А так же в подарок к дню рождения:</strong></span></p>\r\n<p><span style="color: #ff0000;"><strong>&nbsp; &nbsp; &nbsp;Вводный инструктаж (инструктор объясняет технику безопасности и как пользоваться тренажарами, клубным оборудованием)</strong></span></p>\r\n<p><span style="color: #ff0000;"><strong>&nbsp; + 2 карточки на пробное занятие для друзей&nbsp;</strong>(стоимость 1000 руб)</span></p>\r\n<p><span style="color: #ff0000;"><strong>&nbsp;</strong></span></p>\r\n<p></p>', '25,27,29', 10, 1, '', '', '', NULL, NULL, NULL, '', NULL, NULL, NULL, '', 0),
	(32, 'allintime', 2, 1, 'Цитрус "Байконур" открылся!', NULL, 'card_1392735157.jpg', NULL, NULL, '<p><strong><span style="color: #ff0000;">Только неделя с открытия нового элитного женского фитнес клуба "Цитрус-Байконур" специальная цена за год безлимитного посещения! Всего 20 клубных карт! Для тех, кто успел.</span></strong></p>\r\n<p><span>Владелец карты получает&nbsp;</span><span style="color: #ff0000;"><strong>безлимитное право посещения групповых занятий и саун в раздевалках.</strong></span><span>&nbsp;Включает в себя: рекомендации к выбору направления тренировки + полотенце при каждом посещении.</span></p>\r\n<p><span>В клубе планируется более 20 групповых направления в 2 различных залах!</span></p>\r\n<p><strong><span style="color: #ff0000;">Мы приготовили огромное количество сюрпризов! Наша звездная команда инструкторов пополнилась новыми высококласными специалистами, а действующие повысили квалификацию на тренингах от ведущих мировых специалистов в области фитнеса!</span></strong></p>\r\n<p><strong><span style="color: #ff0000;">Шикарная, уютная атмосфера клуба, в купе с зонами релаксации и SPA от сети салонов "The Cure" дополнят Ваши тренировки!&nbsp;</span></strong></p>\r\n<p>Всего 20 клубных карт по специальной цене в течении недели!</p>\r\n<p></p>\r\n<p></p>', '25,28,29', 19, 1, '', '', '', NULL, NULL, NULL, '', NULL, NULL, NULL, '', 0),
	(33, 'dnevnayatrenazher', NULL, 1, 'Годовая дневная карта тренажерного зала', NULL, 'card_1395727374.jpg', NULL, NULL, '<div>\r\n<p>Супер предложение перед летним сезоном!&nbsp;Начинай заниматься уже сейчас!</p>\r\n<p><span style="color: #ff0000;"><strong>12 месяцев занятий без ограничений по количеству до 17:00 каждый день!</strong></span></p>\r\n<p></p>\r\n<p><span style="color: #ff0000;"><strong>Скидка 60% к ВЕСНЕ!</strong></span></p>\r\n<p><span>Владелец карты получает&nbsp;<strong>безлимитное право посещения тренажерного зала и саун в раздевалках.</strong>&nbsp;Включает в себя: рекомендации к выбору направления тренировки + полотенце при каждом посещении.</span></p>\r\n<p><span style="color: #ff0000;"><strong>А так же в подарок к весне:</strong></span></p>\r\n<p><span style="color: #ff0000;"><strong>&nbsp;&nbsp;+ Вводный инструктаж (инструктор объясняет технику безопасности и как пользоваться тренажарами, клубным оборудованием)</strong></span></p>\r\n<p><span style="color: #ff0000;"><strong>&nbsp; + 2 карточки на пробное занятие для друзей&nbsp;</strong>(стоимость 1000 руб)</span></p>\r\n<p><span style="color: #ff0000;"><strong>&nbsp; + Подарочный сертификат&nbsp;на 1000&nbsp;руб! Подарите его и после активации вам будет добавлен&nbsp;месяц плюс к вашей карте&nbsp;<a href="/article/PrivediDruga/"><span style="color: #ff0000;">(по акции приведи друга!)</span></a>*.</strong></span></p>\r\n<p><span style="color: #ff0000;"><strong>Все еще чего-то ждете? &nbsp;Уже получили карту менее чем за <span style="color: #000000;">250</span> руб в месяц (с учетом всех скидок и подарков).&nbsp;Бегите занимайтесь! Лето близко!</strong></span></p>\r\n<p><span>&nbsp;</span></p>\r\n<p><span></span>Кол-во карт ограничено (15 шт). Предложение действует до исчерпания лимита акционных карт.<span><br /></span></p>\r\n<p><strong><span><span></span></span></strong><span><span>*Подарочный сертификат может быть использован только на покупку или продление клубных карт. Подарочные сертификаты не суммируются и не могут быть использованы для покупки акционных и специальных карт. Срок действия сертификата 1 мес с момента покупки (должен быть активирован).</span></span></p>\r\n</div>\r\n<div class="catalog-related-list"></div>', '', 0, 1, '', '', '', NULL, NULL, NULL, '', NULL, NULL, NULL, '', 0),
	(34, 'godtrenazhernui', NULL, 1, 'Годовая карта тренажерного зала', NULL, 'card_1395727793.jpg', NULL, NULL, '<p><span style="color: #ff0000;"><strong>Безлимитная клубная карта на 1 год занятий в тренажерном зале!&nbsp;</strong></span></p>\r\n<p><strong style="color: #ff0000; line-height: 1.428571429;">658 рублей в месяц!</strong></p>\r\n<p><span style="color: #ff0000;"><strong>Фитнес без ограничений 365 дней в году</strong></span></p>\r\n<p><span>Владелец карты получает безлимитное право посещения тренажерного зала и саун в раздевалках. Включает в себя: рекомендации к выбору направления тренировки + полотенце при каждом посещении.</span></p>\r\n<p><span style="color: #ff0000;"><strong><strong>+ Клип карта с заморозкой абонемента на 15 дней!</strong></strong></span></p>\r\n<p><span style="color: #ff0000;">+&nbsp;<strong>Подарочный сертификат&nbsp;на 1000 руб! Подарите его и после активации вам будет добавлен&nbsp;месяц плюс к вашей карте</strong><span class="apple-converted-space"><b>&nbsp;</b></span><strong><a href="/article/PrivediDruga/"><span style="color: #ff0000;">(по акции приведи друга!)</span></a>*.</strong></span></p>\r\n<p><span style="color: #ff0000;"><strong>+ 2 карточки на пробное занятие для друзей (стоимость 1000 руб)</strong></span></p>\r\n<p><span style="color: #ff0000;"><strong>+ 1 персональное занятие у любого инструктора</strong></span></p>\r\n<p><span style="line-height: 1.428571429;">&nbsp;</span></p>\r\n<p><span>*Подарочный сертификат может быть использован только на покупку или продление клубных карт. Подарочные сертификаты не суммируются и не могут быть использованы для покупки акционных и специальных карт. Срок действия сертификата 1 мес с момента покупки (должен быть активирован).</span></p>\r\n<p><span style="color: #ff0000;"><strong>Возможна рассрочка оплаты на 8 месяцев без процентов!&nbsp;</strong></span></p>', '', 4, 1, '', '', '', NULL, NULL, NULL, '', NULL, NULL, NULL, '', 1),
	(35, 'summer-plus-one', 2, 1, 'Лето в Цитрусе + 1 месяц в подарок!', NULL, 'card_1400603435.jpg', NULL, NULL, '<p>Лето&nbsp;&mdash; пора пляжей, моря, солнца и ... Красивых людей!</p>\r\n<p class="p2">Войти в&nbsp;форму и&nbsp;начать собирать завистливые взгляды&nbsp;&mdash; легко!</p>\r\n<p class="p2">Начинай заниматься уже сейчас!</p>\r\n<p class="p2"><strong>Новая клубная карта &laquo;Лето в&nbsp;Цитрусе&raquo;! <span style="color: #ff9900;">4&nbsp;месяца занятий без ограничений по&nbsp;времени и&nbsp;количеству!</span></strong></p>\r\n<p class="p1">Владелец карты получает безлимитное право посещения групповых занятий. Включает в&nbsp;себя: рекомендации к&nbsp;выбору направления тренировки + полотенце при каждом посещении.</p>\r\n<p class="p1"><strong><span style="color: #ff9900;">А&nbsp;так&nbsp;же в&nbsp;подарок:</span></strong></p>\r\n<p class="p1"><strong>Подарочный сертификат на&nbsp;1000&nbsp;руб!</strong> Подарите его и&nbsp;после активации вам будет добавлен месяц плюс к&nbsp;вашей карте (по&nbsp;акции приведи друга!)*.</p>\r\n<p class="p1">2&nbsp;гостевых визита на&nbsp;5&nbsp;посещений для Ваших друзей. (стоимость одной карты 1200)</p>\r\n<p class="p1">Все еще чего-то ждете? Уже получили <span style="color: #ff9900;"><strong>карту всего за&nbsp;500&nbsp;руб.</strong></span> (с&nbsp;учетом всех скидок и&nbsp;подарков). Бегите занимайтесь! Лето уже в&nbsp;самом разгаре!</p>\r\n<p class="p1">Количество карт ограничено. Специальное предложение действует до&nbsp;1&nbsp;июля!</p>\r\n<p class="p1">* Подарочный сертификат может быть использован только на&nbsp;покупку или продление клубных карт. Подарочные сертификаты не&nbsp;суммируются. Срок действия сертификата 90&nbsp;дней с&nbsp;момента покупки (должен быть активирован).</p>\r\n<p></p>', '', 3, 1, '', '', '', NULL, NULL, NULL, '', NULL, NULL, NULL, '', 1),
	(36, 'polnyjj-bezlimit-na-god-leto-v-podarok!', 2, 1, 'Две годовых клубных карты по цене одной', NULL, 'card_1407573065.jpg', NULL, NULL, '<p>2 клубных карты по цене одной в новом клубе нашей сети!</p>\r\n<p>Множество групповых направлений, тренажерный зал с осени. Удобное расположение клуба в ТЦ "Байконур"&nbsp;<span>ул. А. Королева 2,&nbsp;</span>сразу на остановке общественного транспорта.&nbsp;</p>\r\n<p class="p1"></p>\r\n<p class="p1"></p>\r\n<p class="p1">Владелец карты получает безлимитное право посещения групповых занятий. Включает в&nbsp;себя: рекомендации к&nbsp;выбору направления тренировки + полотенце при каждом посещении.</p>\r\n<p class="p1">А&nbsp;так&nbsp;же <span style="color: #ff9900;"><strong>в&nbsp;подарок</strong></span> к&nbsp;лету:</p>\r\n<p class="p1"><span style="color: #ff9900;"><strong>+ 2&nbsp;карточки на&nbsp;пробное занятие для друзей (стоимость 1200&nbsp;руб)</strong></span></p>\r\n<p class="p1"><span style="color: #ff9900;"><strong>+ Подарочный сертификат на&nbsp;1000&nbsp;руб! Подарите его и&nbsp;после активации вам будет добавлен месяц плюс к&nbsp;вашей карте (по&nbsp;акции приведи друга!)*.</strong></span></p>\r\n<p class="p1">Все еще чего-то ждете? Бегите занимайтесь!</p>\r\n<p class="p1"></p>\r\n<p class="p1"><span style="color: #ff9900;">Кол-во карт ограничено. Предложение действует до&nbsp;исчерпания лимита акционных карт.</span></p>\r\n<p class="p1">*Подарочный сертификат может быть использован только на&nbsp;покупку или продление клубных карт. Подарочные сертификаты не&nbsp;суммируются и&nbsp;не&nbsp;могут быть использованы для покупки акционных и&nbsp;специальных карт. Срок действия сертификата 90&nbsp;дней момента покупки (должен быть активирован).</p>', '', 2, 1, '', '', '', NULL, NULL, NULL, '', NULL, NULL, NULL, '', 1);
/*!40000 ALTER TABLE `catalog_items` ENABLE KEYS */;


-- Дамп структуры для таблица v3.citrusfit.club_halls
DROP TABLE IF EXISTS `club_halls`;
CREATE TABLE IF NOT EXISTS `club_halls` (
  `id` int(11) NOT NULL AUTO_INCREMENT,
  `club_id` int(11) NOT NULL,
  `title` varchar(300) NOT NULL,
  `created_ip` varchar(300) DEFAULT NULL,
  `created_date` datetime DEFAULT NULL,
  `created_user` int(11) DEFAULT NULL,
  `created_username` varchar(200) NOT NULL,
  `modified_ip` varchar(300) DEFAULT NULL,
  `modified_date` datetime DEFAULT NULL,
  `modified_user` int(11) DEFAULT NULL,
  `modified_username` varchar(300) NOT NULL,
  `active` tinyint(1) NOT NULL DEFAULT '1',
  PRIMARY KEY (`id`),
  KEY `club_id` (`club_id`),
  CONSTRAINT `club_halls_ibfk_1` FOREIGN KEY (`club_id`) REFERENCES `club_items` (`id`)
) ENGINE=InnoDB AUTO_INCREMENT=6 DEFAULT CHARSET=utf8 COMMENT='Залы клуба';

-- Дамп данных таблицы v3.citrusfit.club_halls: ~5 rows (приблизительно)
DELETE FROM `club_halls`;
/*!40000 ALTER TABLE `club_halls` DISABLE KEYS */;
INSERT INTO `club_halls` (`id`, `club_id`, `title`, `created_ip`, `created_date`, `created_user`, `created_username`, `modified_ip`, `modified_date`, `modified_user`, `modified_username`, `active`) VALUES
	(1, 1, 'Зал групповых занятий №1', NULL, NULL, NULL, '', NULL, NULL, NULL, '', 1),
	(2, 1, 'Зал групповых занятий №2', NULL, NULL, NULL, '', NULL, NULL, NULL, '', 1),
	(3, 2, 'Зал групповых занятий №1', NULL, NULL, NULL, '', NULL, NULL, NULL, '', 1),
	(4, 2, 'Зал групповых занятий №2', NULL, NULL, NULL, '', NULL, NULL, NULL, '', 1),
	(5, 3, 'Зал групповых занятий ', NULL, NULL, NULL, '', NULL, NULL, NULL, '', 1);
/*!40000 ALTER TABLE `club_halls` ENABLE KEYS */;


-- Дамп структуры для таблица v3.citrusfit.club_items
DROP TABLE IF EXISTS `club_items`;
CREATE TABLE IF NOT EXISTS `club_items` (
  `id` int(11) NOT NULL AUTO_INCREMENT,
  `title` varchar(300) NOT NULL,
  `description` mediumtext,
  `contact_phones` varchar(300) DEFAULT NULL,
  `contact_address` varchar(500) DEFAULT NULL,
  `contact_info` mediumtext,
  `contact_coordinates` varchar(50) DEFAULT NULL,
  `created_ip` varchar(300) DEFAULT NULL,
  `created_date` datetime DEFAULT NULL,
  `created_user` int(11) DEFAULT NULL,
  `created_username` varchar(200) NOT NULL,
  `modified_ip` varchar(300) DEFAULT NULL,
  `modified_date` datetime DEFAULT NULL,
  `modified_user` int(11) DEFAULT NULL,
  `modified_username` varchar(300) NOT NULL,
  `active` tinyint(1) NOT NULL DEFAULT '1',
  PRIMARY KEY (`id`)
) ENGINE=InnoDB AUTO_INCREMENT=4 DEFAULT CHARSET=utf8 COMMENT='Клубы';

-- Дамп данных таблицы v3.citrusfit.club_items: ~4 rows (приблизительно)
DELETE FROM `club_items`;
/*!40000 ALTER TABLE `club_items` DISABLE KEYS */;
INSERT INTO `club_items` (`id`, `title`, `description`, `contact_phones`, `contact_address`, `contact_info`, `contact_coordinates`, `created_ip`, `created_date`, `created_user`, `created_username`, `modified_ip`, `modified_date`, `modified_user`, `modified_username`, `active`) VALUES
	(-1, 'Цитрус', '<p><a href="/kontakti/">Фитнес клуб &laquo;Цитрус&raquo;</a>&nbsp;&mdash; уютное место в&nbsp;центре Северо-Западного района г.Чебоксары, где&nbsp;Вы можете отложить все свои проблемы и&nbsp;посвятить время только себе и&nbsp;своему телу. Удобные сауны в&nbsp;раздевалках снимут стресс и&nbsp;облегчат усталость после тренировки.</p>\r\n{{w:GalleryBlock|album=Клуб СЗР}}\r\n<p>Для Вас ежедневно открыты двери <a href="/trenajeniy_zal/">тренажерного зала</a>, двух залов групповых занятий, двух залов персонального тренинга, маникюрного салона, spa-кабинета и&nbsp;<a href="/solyariy/">солярия</a>. Различные <a href="/strip-plastika/">танцевальные направления</a>, несколько видов <a href="/hatha/">йоги</a> и&nbsp;<a href="/step-aerobika/">аэробики</a>, <a href="/pilates/">пилатеса</a> и&nbsp;стрейтчинга, посещение тренажерного зала-в комплексе помогут Вам находится в&nbsp;тонусе и&nbsp;хорошем самочувствии всегда!</p>\r\n<p>Все это в&nbsp;шаговой доступности от&nbsp;остановки общ. транспорта <a href="/kontakti/">&laquo;Природа&raquo;</a> с&nbsp;удобной охраняемой парковкой для автомобилей.</p>\r\n<p>Ценителям индивидуального подхода мы&nbsp;предлагаем <a href="/individualnie_zanyatiya_s_trenerom/">персональные занятия с&nbsp;инструктором</a>, как в&nbsp;тренажерном зале, так и&nbsp;в&nbsp;залах персональных тренировок. Наши специалисты проведут фитнес тестирование и&nbsp;подберут нужную Вам программу питания и&nbsp;тренировок.</p>\r\n<p>Занятия фитнесом для будущих мам возможны в&nbsp;индивидуальном порядке и&nbsp;в&nbsp;коммерческих группах до&nbsp;6&nbsp;человек. Тренировки проводят сертифицированные специалисты в&nbsp;любое удобное для Вас время!</p>\r\n{{w:GalleryBlock|album=Клуб ЮЗР}}\r\n<p>Наш клуб работает по&nbsp;системе клубных карт, что является неоспоримым преимуществом в&nbsp;Чебоксарах. Плюсы клубной системы заключаются в&nbsp;возможности посещения различных видов групповых занятий, а&nbsp;также тренажерного зала без ограничений, участии в&nbsp;проходящих в&nbsp;клубе семинарах, в&nbsp;скидках и&nbsp;бонусах на&nbsp;пользование дополнительными услугами клуба.</p>\r\n<p>Дополнительную информацию о&nbsp;ценах на&nbsp;клубные карты и&nbsp;индивидуальные занятия&nbsp;Вы можете узнать в&nbsp;отделе продаж клуба &laquo;Цитрус&raquo; или во&nbsp;вкладке Прайс-лист. Для корпоративных клентов действует гибкая система скидок и&nbsp;различные схемы оплаты (подробности: <a href="/korporativhiy_fitnes/">корпоративный фитнес</a>).</p>\r\n<p>Звоните нам по&nbsp;телефону <span style="color: #800000;"><strong>45-25-16</strong></span>, менеджеры клуба ответят на&nbsp;все Ваши вопросы. Фитнес-клуб работает с&nbsp;понедельника по&nbsp;пятницу с&nbsp;8:00 до&nbsp;22:00, по&nbsp;выходным с&nbsp;9:00 до&nbsp;21:00. Наш адрес-улица Мичмана Павлова 10&nbsp;Б, 1&nbsp;минуту пешком от&nbsp;остановки &laquo;Природа&raquo;, 3&nbsp;минуты от&nbsp;остановки &laquo;Чебоксарец&raquo; и&nbsp;5&nbsp;минут от&nbsp;&laquo;Кривова&raquo; (<a href="/kontakti/">подробная схема проезда</a>).</p>\r\n<p>Всегда рады видеть Вас на&nbsp;занятиях в&nbsp;фитнес-клубе &laquo;Цитрус&raquo;!</p>', '8 (800) 123-45-67', NULL, '', NULL, NULL, NULL, NULL, '', NULL, NULL, NULL, '', 0),
	(1, 'Цитрус СЗР', NULL, '8 (8352) 12-34-56', 'г. Чебоксары, пр. мичмана Павлова, 10Б', NULL, '56.143713, 47.189751', NULL, NULL, NULL, '', NULL, NULL, NULL, '', 1),
	(2, 'Цитрус ЮЗР', NULL, '8 (8352) 78-90-12', 'г. Чебоксары, ул. академика Королева, 2', NULL, '56.119674, 47.19763', NULL, NULL, NULL, '', NULL, NULL, NULL, '', 1),
	(3, 'Йога студия', NULL, '8 (8352) 34-56-78', 'г. Чебоксары, ул. Ярославская, 72', NULL, '56.132663, 47.248882', NULL, NULL, NULL, '', NULL, NULL, NULL, '', 1);
/*!40000 ALTER TABLE `club_items` ENABLE KEYS */;


-- Дамп структуры для таблица v3.citrusfit.form_requests
DROP TABLE IF EXISTS `form_requests`;
CREATE TABLE IF NOT EXISTS `form_requests` (
  `id` int(11) NOT NULL AUTO_INCREMENT,
  `club_id` int(11) NOT NULL,
  `fio` varchar(300) NOT NULL,
  `phone` varchar(100) NOT NULL,
  `description` varchar(500) DEFAULT NULL,
  `created_ip` varchar(300) DEFAULT NULL,
  `created_date` datetime DEFAULT NULL,
  PRIMARY KEY (`id`),
  KEY `club_id` (`club_id`),
  CONSTRAINT `form_requests_ibfk_1` FOREIGN KEY (`club_id`) REFERENCES `club_items` (`id`)
) ENGINE=InnoDB AUTO_INCREMENT=957 DEFAULT CHARSET=utf8;

-- Дамп данных таблицы v3.citrusfit.form_requests: ~951 rows (приблизительно)
DELETE FROM `form_requests`;
/*!40000 ALTER TABLE `form_requests` DISABLE KEYS */;
INSERT INTO `form_requests` (`id`, `club_id`, `fio`, `phone`, `description`, `created_ip`, `created_date`) VALUES
	(5, 1, 'Данилов Павел Владимирович', '79061341395', NULL, NULL, NULL),
	(6, 1, 'Владимир', '79876700773', NULL, NULL, NULL),
	(7, 1, 'Шаровская Ольга Александровна', '79063806591', NULL, NULL, NULL),
	(8, 1, 'Ланцова Ольга Владимировна', '79003325897', NULL, NULL, NULL),
	(9, 1, 'Прокопьева Светлана Юрьевна', '79876708479', NULL, NULL, NULL),
	(11, 1, 'Крснова Наталия Валентиновна', '79170640569', 'Кнопка в верхнем меню', NULL, NULL),
	(12, 1, 'Данилов Алексей Леонидович', '79176733303', 'new year', NULL, NULL),
	(13, 1, 'test', '78888888888', '2 по цене одной', NULL, NULL),
	(14, 1, 'Данилова Анна Олеговна', '79176513917', '2 по цене одной', NULL, NULL),
	(15, 1, 'кузнецова елена витальевна', '79034767828', '2 по цене одной', NULL, NULL),
	(16, 1, 'Васильева Ольга Михайловна', '79050297777', '2 по цене одной', NULL, NULL),
	(17, 1, 'Васильева Ольга Михайловна', '79053417777', 'new year', NULL, NULL),
	(18, 1, 'Строганов Никита Алексеевич', '79876628289', '2 по цене одной', NULL, NULL),
	(19, 1, 'Шаров  Дмитрий Анатольевич', '79876600689', '2 по цене одной', NULL, NULL),
	(20, 1, 'Ярикова Анастасия Лазаревна', '79858809189', 'Кнопка в верхнем меню', NULL, NULL),
	(21, 1, 'Петров Сергей Владимирович', '79876763794', 'presonalka', NULL, NULL),
	(22, 1, 'архипова виктория владимировна', '79176539068', 'Кнопка в верхнем меню', NULL, NULL),
	(23, 1, 'Шайкина Валентина Олеговна', '79530167040', '2 по цене одной', NULL, NULL),
	(24, 1, 'Александров дмитрий', '79674701886', '2 по цене одной', NULL, NULL),
	(25, 1, 'Пенской Григорий Александрович', '79051989431', 'testtren', NULL, NULL),
	(26, 1, 'Антонова', '79033458300', 'Запись из расписания', NULL, NULL),
	(27, 1, 'Васильева', '79196781798', 'testtren', NULL, NULL),
	(28, 1, 'Угасина Алена Николаевна', '79603000100', '2 по цене одной', NULL, NULL),
	(29, 1, 'Отрыванов Денис Игоревич', '79876663713', 'Кнопка в верхнем меню', NULL, NULL),
	(30, 1, 'Арланова', '79176536379', 'Кнопка в каталоге: Цитрус – детям', NULL, NULL),
	(31, 1, 'Карпов Михаил Юрьевич', '79684133029', 'Кнопка в верхнем меню', NULL, NULL),
	(32, 1, 'Александрова Елена Хайдаровна', '79033898011', 'free', NULL, NULL),
	(33, 1, 'Семёнова Александра Вячеславовна', '79876769791', 'Запись из расписания', NULL, NULL),
	(34, 1, 'Егорова Ольга Яковлевна', '79603007984', 'Запись из расписания', NULL, NULL),
	(35, 1, 'тапсеева радия мегсумовна', '79373753299', 'Кнопка в каталоге: Клубная карта Цитрус', NULL, NULL),
	(36, 1, 'кириллов алексей геннадьевич', '79026634055', 'Запись из расписания', NULL, NULL),
	(37, 1, 'Новикова Наталия Владимировна', '79033581493', 'Запись из расписания', NULL, NULL),
	(38, 1, 'Егорова Татьяна Владимировна', '79278557118', 'Запись из расписания', NULL, NULL),
	(39, 1, 'Позинова Ксения Эриковна', '79875759988', 'presonalka', NULL, NULL),
	(40, 1, 'Павлова Анна Пименовна', '79373988400', 'free', NULL, NULL),
	(41, 1, 'Шемплинер Наталья Романовна', '79677914813', 'Кнопка в каталоге: Дневная', NULL, NULL),
	(42, 1, 'Рындов Денис Борисович', '79857839922', 'free', NULL, NULL),
	(43, 1, 'Головина Юлия Александровна', '79197661429', 'Кнопка в верхнем меню', NULL, NULL),
	(44, 1, 'Иеронова Светлана Викентьевна', '79278499988', 'Кнопка в верхнем меню', NULL, NULL),
	(45, 1, 'Данилова Елена Николаевна', '79083074025', 'Кнопка в верхнем меню', NULL, NULL),
	(46, 1, 'Белова Вера Григорьевна', '79875793393', 'Кнопка в верхнем меню', NULL, NULL),
	(47, 1, 'Ильина Екатерина Владимировна', '79176589707', 'Кнопка в верхнем меню', NULL, NULL),
	(48, 1, 'Беляева Елена Александровна', '79876621392', 'Кнопка в верхнем меню', NULL, NULL),
	(49, 1, 'Скворцова Наталия Владимировна', '79196614111', '2 по цене одной', NULL, NULL),
	(50, 1, 'Мигушова Светлана Викторовна', '79603013062', 'Кнопка в верхнем меню', NULL, NULL),
	(51, 1, 'Ларионова Александра Игоревна ', '79196530106', 'testtren', NULL, NULL),
	(52, 1, 'Ларионова Наталья Игоревна', '79196525826', 'testtren', NULL, NULL),
	(53, 1, 'Зинин Александр Андреевич ', '79196561993', 'testtren', NULL, NULL),
	(54, 1, 'Петров Денис Владимирович', '79373794445', 'new year', NULL, NULL),
	(55, 1, 'Петрова Наталья Анатольевна', '79877399296', 'Запись из расписания', NULL, NULL),
	(56, 1, 'Петров Павел Михайлович', '79196570920', 'Кнопка в верхнем меню', NULL, NULL),
	(57, 1, 'фирсова анна', '79170779973', 'testtren', NULL, NULL),
	(58, 1, 'Прокопьев Сергей Геннадьевич', '79373707607', 'Кнопка в верхнем меню', NULL, NULL),
	(59, 1, 'Соловьева Елена Анатольевна', '79053457203', 'Кнопка в верхнем меню', NULL, NULL),
	(60, 1, 'Андреев Артём Игоревич', '79876700651', 'Кнопка в верхнем меню', NULL, NULL),
	(61, 1, 'фадеева ольга Владимировна', '79877366960', 'Кнопка в верхнем меню', NULL, NULL),
	(62, 1, 'Фадеев Алексей Валентинович', '79196774677', 'Кнопка в верхнем меню', NULL, NULL),
	(63, 1, 'Покровский Александр Русланович', '79656833103', 'Кнопка в верхнем меню', NULL, NULL),
	(64, 1, 'Пахомова Наталия Владимировна', '79053439419', 'Кнопка в верхнем меню', NULL, NULL),
	(65, 1, 'муравьев Александр вадимович', '79278440255', 'free', NULL, NULL),
	(66, 1, 'Чернов Дмитрий', '+792786660722', 'Кнопка в верхнем меню', NULL, NULL),
	(67, 1, 'Никифорова Лариса Алексеевна', '79196782838', 'Кнопка в верхнем меню', NULL, NULL),
	(68, 1, 'сергеева татьяна александровна', '79196555604', 'Кнопка в верхнем меню', NULL, NULL),
	(69, 1, 'Гигорьева Ирина Николаевна', '79278496609', 'Кнопка в верхнем меню', NULL, NULL),
	(70, 1, 'никитина анна валерьевна', '79370149464', 'Кнопка в верхнем меню', NULL, NULL),
	(71, 1, 'test', '123456', 'Кнопка в верхнем меню', NULL, NULL),
	(72, 1, 'test', '123456', 'Кнопка в верхнем меню', NULL, NULL),
	(73, 1, 'ОРЛОВА ЕЛЕНА ЭДУАРДОВНА', '+79674703573', 'free', NULL, NULL),
	(74, 1, 'Илюшкина Татьяна Петровна', '+79176600613', 'Кнопка в верхнем меню', NULL, NULL),
	(75, 1, 'Шаплин Евгений Игоревич', '+79877398378', 'Кнопка в верхнем меню', NULL, NULL),
	(76, 1, 'захарова татьяна николаевна', '89613383742', 'Кнопка в верхнем меню', NULL, NULL),
	(77, 1, 'Захаров Сергей Евгеньевич', '+79276687211', 'new year', NULL, NULL),
	(78, 1, 'test', '123456', 'new year', NULL, NULL),
	(79, 1, 'Бойко Мария', '+79876625181', 'Кнопка в верхнем меню', NULL, NULL),
	(80, 1, 'Садыкова Чулпан Шамильевна', '79875791559', 'Запись из расписания', NULL, NULL),
	(81, 1, 'Андрианова Татьяна Николаевна', '79278565323', 'Кнопка в верхнем меню', NULL, NULL),
	(82, 1, 'Королёв Алексей Борисович', '89176787744', 'run', NULL, NULL),
	(83, 1, 'Позднухова Катарина', '+79379559227', 'Кнопка в верхнем меню', NULL, NULL),
	(84, 1, 'Позднухова Жанна', '+79379559228', 'Кнопка в верхнем меню', NULL, NULL),
	(85, 1, 'Антонова', '79033458300', 'run', NULL, NULL),
	(86, 1, 'Кожухова Валентина', '+79637614839', 'presonalka', NULL, NULL),
	(87, 1, 'Test', '2342', 'run', NULL, NULL),
	(88, 1, 'Викторова Л.В.', '+79613438022', 'Кнопка в верхнем меню', NULL, NULL),
	(89, 1, 'Венедиктова М.Ю.', '+79176728833', 'Кнопка в верхнем меню', NULL, NULL),
	(90, 1, 'Шестаков Михаил Станиславович', '89278607520', 'testtren', NULL, NULL),
	(91, 1, 'Хлопочкина Яна Олеговна', '+7-917-064-18-67', 'Кнопка в верхнем меню', NULL, NULL),
	(92, 1, 'Шкалькова Виктория Викторовна', '89196765023', 'run', NULL, NULL),
	(93, 1, 'Никифорова Т. В.', '+79871260516', 'run', NULL, NULL),
	(94, 1, 'тест', '123789', 'run', NULL, NULL),
	(95, 1, 'Сидорова Любовь Анатольевна', '+79196525003', 'Запись из расписания', NULL, NULL),
	(96, 1, 'Крупина Юлия Владимировна', '89520221794', 'Кнопка в верхнем меню', NULL, NULL),
	(97, 1, 'Рябова Татьяна', '+79033222327', '2 по цене одной', NULL, NULL),
	(98, 1, 'Pavel', '09979836567', 'yogastudio', NULL, NULL),
	(99, 1, 'Стеклова Евгения Юрьевна', '89033455691', 'Кнопка в верхнем меню', NULL, NULL),
	(100, 1, 'Федорова Светлана Владиславовна', '+79196692552', 'Кнопка в верхнем меню', NULL, NULL),
	(101, 1, 'Карсаков Максим Александрович', '+79373834596', 'presonalka', NULL, NULL),
	(102, 1, 'Карсаков Максим Александрович', '+79373834596', 'Кнопка в верхнем меню', NULL, NULL),
	(103, 1, 'Шарова Светлана Николаевна', '+79093034363', 'Кнопка в верхнем меню', NULL, NULL),
	(104, 1, 'Михайлов Андрей Николаевич', '+79876737922', 'Кнопка в верхнем меню', NULL, NULL),
	(105, 1, 'Григорьев Михаил Юрьевич', '9278579047', 'Кнопка в верхнем меню', NULL, NULL),
	(106, 1, 'Никифорова Валерия Олеговна', '89875753274', 'Кнопка в верхнем меню', NULL, NULL),
	(107, 1, 'Васильева Марина Владиславовна', '89613420062', 'trenazhernyj zal', NULL, NULL),
	(108, 1, 'Макарова Анна Валерьевна', '9154274101', 'Кнопка в верхнем меню', NULL, NULL),
	(109, 1, 'Павлова Татьяна Александровна', '+79278689903', 'Кнопка в верхнем меню', NULL, NULL),
	(110, 1, 'Павлова Анна Александровна', '+79279924026', 'Кнопка в верхнем меню', NULL, NULL),
	(111, 1, 'софронова н г', '89063854496', 'Кнопка в верхнем меню', NULL, NULL),
	(112, 1, 'Матвеева Яна Вячеславовна', '+79176536348', '<span>Запись на 100 персоналок</span>', NULL, NULL),
	(113, 1, 'Стальненко Мария Борисовна', '+79033584590', '<span>Запись на 100 персоналок</span>', NULL, NULL),
	(114, 1, 'Владимир', '+79033588777', '<span>Запись на 100 персоналок</span>', NULL, NULL),
	(115, 1, 'Карасёва Наталия Александровна', '+79876679870', '<span>Запись на 100 персоналок</span>', NULL, NULL),
	(116, 1, 'Данилова Анна Олеговна', '89176513917', '<span>Запись на 100 персоналок</span>', NULL, NULL),
	(117, 1, 'Лавина Т.А.', '+79053421771', '<span>Запись на 100 персоналок</span>', NULL, NULL),
	(118, 1, 'Максимов Игорь Евгеньевич', '+79093008275', '<span>Запись на 100 персоналок</span>', NULL, NULL),
	(119, 1, 'Никифорова Надежда Витальевна', '9033586649', 'Кнопка в верхнем меню', NULL, NULL),
	(120, 1, 'Нагаева Ирина Николаевна', '+79061330099', '<span>Запись на 100 персоналок</span>', NULL, NULL),
	(121, 1, 'Смелов Сергей Сергеевич', '+79603100343', '<span>Запись на 100 персоналок</span>', NULL, NULL),
	(122, 1, 'Кадырбаев Дамир Евгеньевич', '+79678623228', '<span>Запись на 100 персоналок</span>', NULL, NULL),
	(123, 1, 'Захарова Ксения Матвеевна', '+79176797135', 'Кнопка в верхнем меню', NULL, NULL),
	(124, 1, 'Магаршак Ирина Алексеевна ', '+7-919-650-88-68', '<span>Запись на 100 персоналок</span>', NULL, NULL),
	(125, 1, 'Фомина Татьяна Владимировна', '+79023275383', '<span>Запись на 100 персоналок</span>', NULL, NULL),
	(126, 1, 'михайлова анастасия александровна', '371252', '<span>Запись на 100 персоналок</span>', NULL, NULL),
	(127, 1, 'Широкова Марина Александровна', '89279902097', 'Кнопка в верхнем меню', NULL, NULL),
	(128, 1, 'Костромина Виктория Михайловна ', '+79656837035', 'Кнопка в верхнем меню', NULL, NULL),
	(129, 1, 'Московцева Жанна Геннадьевна', '+79613444711', '<span>Запись на 100 персоналок</span>', NULL, NULL),
	(130, 1, 'Загайнова Кристина Владимировна', '+79196653074', '<span>Запись на 100 персоналок</span>', NULL, NULL),
	(131, 1, 'Алексеева Екатерина Владимировна ', '89373835444', 'Кнопка в верхнем меню', NULL, NULL),
	(132, 1, 'тихонова анастасия александровна', '+79875799008', '<span>Запись на 100 персоналок</span>', NULL, NULL),
	(133, 1, 'Шурдикова Ирина Гавриловна', '+79530112300', 'Кнопка в верхнем меню', NULL, NULL),
	(134, 1, 'Павлова Анна Михайловна', '89278663398', '<span>Запись на 100 персоналок</span>', NULL, NULL),
	(135, 1, 'майорова  анастасия валентиновна ', '89196744259', 'Кнопка в верхнем меню', NULL, NULL),
	(136, 1, 'Тест', '9999999999', 'Кнопка в верхнем меню', NULL, NULL),
	(137, 1, 'тест', '335353535', '<span>Запись на 100 персоналок</span>', NULL, NULL),
	(138, 1, 'test', '123456', '<span>Запись на 100 персоналок</span>', NULL, NULL),
	(139, 1, 'Тимофеева Ольга Николаевна', '+79176546542', 'trenazhernyj zal', NULL, NULL),
	(140, 1, 'Новикова Светлана Григорьевна', '89520232358', 'yogastudio', NULL, NULL),
	(141, 1, 'Крупина Юлия Владимировна', '89520221794', '<span>Запись на 100 персоналок</span>', NULL, NULL),
	(142, 1, 'Ромадова Оксана Юрьевна', '89876628136', 'аэробно-силовые направления', NULL, NULL),
	(143, 1, 'Кондратьева Татьяна Борисовна', '+79876604654', '<span>Запись на 100 персоналок</span>', NULL, NULL),
	(144, 1, 'Михеева Наталия Николаевна', '89050297173', 'Кнопка в верхнем меню', NULL, NULL),
	(145, 1, 'Кузнецова Анастасия Анатольевна', '89196540256', 'Запись из расписания', NULL, NULL),
	(146, 1, 'Филиппова Алена Владимировна', '+79876641050', 'free', NULL, NULL),
	(147, 1, 'YRMAYyMAP', 'LPUXJIRngzmJQZ', '', NULL, NULL),
	(148, 1, 'Александров Павел', '+79093033303', 'Кнопка в верхнем меню', NULL, NULL),
	(149, 1, 'Александрова Ксения Евгеньевна', '+79176702200', 'Кнопка в верхнем меню', NULL, NULL),
	(150, 1, 'Чернова Александра Георгиевна', '+79373741134', 'Кнопка в верхнем меню', NULL, NULL),
	(151, 1, 'Родионова Ольга Валерьевна', '89093058452', 'Кнопка в верхнем меню', NULL, NULL),
	(152, 1, 'Шашкова Марина Саввична', '9196528648', 'Кнопка в верхнем меню', NULL, NULL),
	(153, 1, 'Ильин Владимир Геннадьевич', '89603044118', 'Кнопка в верхнем меню', NULL, NULL),
	(154, 1, 'Яковлева Ольга Владиславовна', '+79520295888', 'tanzevalnue napravlenia', NULL, NULL),
	(155, 1, 'Лавина Т.А.', '+79053421771', '<span>Запись на 100 персоналок</span>', NULL, NULL),
	(156, 1, 'кудряшова марина Николаевна ', '79278541331', '<span>Запись на 100 персоналок</span>', NULL, NULL),
	(157, 1, 'павлова екатерина', '89278620006', 'Кнопка в верхнем меню', NULL, NULL),
	(158, 1, 'Изотов Николай Витальевич', '+79033220039', '<span>Запись на 100 персоналок</span>', NULL, NULL),
	(159, 1, 'Лазарева Наталия Александровна', '89196543582', 'аэробно-силовые направления', NULL, NULL),
	(160, 1, 'Николаев Михаил Эдуардович', '89273695251', 'Кнопка в верхнем меню', NULL, NULL),
	(161, 1, 'Лаврентьева Людмила Андреевна', '+79176559052', '<span>Запись на 100 персоналок</span>', NULL, NULL),
	(162, 1, 'Волкова Юлия Валерьянова', '+79876705869', 'Запись из расписания', NULL, NULL),
	(163, 1, 'Григорьев Роман Викторович', '+79876740737', '<span>Запись на 100 персоналок</span>', NULL, NULL),
	(164, 1, 'Лаврентьева Людмила Андреевна', '+79176559052', 'Кнопка в верхнем меню', NULL, NULL),
	(165, 1, 'Лаврентьева Людмила Андреевна', '+79176559052', 'Кнопка в верхнем меню', NULL, NULL),
	(166, 1, 'Лаврентьева Людмила Андреевна', '+79176559052', 'Кнопка в верхнем меню', NULL, NULL),
	(167, 1, 'Лаврентьева Людмила Андреевна', '+79176559052', 'Кнопка в верхнем меню', NULL, NULL),
	(168, 1, 'Лаврентьева Людмила Андреевна', '+79176559052', 'Кнопка в верхнем меню', NULL, NULL),
	(169, 1, 'Лаврентьева Людмила Андреевна', '+79176559052', 'Кнопка в верхнем меню', NULL, NULL),
	(170, 1, 'Лапко Мария Витальевна', '+79875791412', 'Запись из расписания', NULL, NULL),
	(171, 1, 'Торговцева Анастасия Геннадьевна', '+79871250337', 'Кнопка в верхнем меню', NULL, NULL),
	(172, 1, 'Соколикова Анастасия Петровна', '+79373714148', 'Кнопка в верхнем меню', NULL, NULL),
	(173, 1, 'Егорова Ирина Николаевна', '+79176664488', '<span>Запись на 100 персоналок</span>', NULL, NULL),
	(174, 1, 'Сазанова Марина Ивановна', '+79626018226', 'Кнопка в верхнем меню', NULL, NULL),
	(175, 1, 'Мидейкина Мария Николаевна', '+79196758995', '<span>Запись на 100 персоналок</span>', NULL, NULL),
	(176, 1, 'ЛОГУНОВА ЛАРИСА ПЕТРОВНА', '+79876750147', 'Запись из расписания', NULL, NULL),
	(177, 1, 'Перепичай Марина Игоревна', '+79123006929', '<span>Запись на 100 персоналок</span>', NULL, NULL),
	(178, 1, 'Сидорова Елена Николаевна', '+79026659219', 'presonalka', NULL, NULL),
	(179, 1, 'Ксенофонтова Елена георгиевна', '8-927-669-09-10', 'Кнопка в верхнем меню', NULL, NULL),
	(180, 1, 'Викторова Мария ', '+79196769680', 'Запись из расписания', NULL, NULL),
	(181, 1, 'Кузьмина Татьяна Александровна', '+79875760703', 'Кнопка в верхнем меню', NULL, NULL),
	(182, 1, 'Артемьева Екатерина Владимировна', '+79876707701', 'Кнопка в верхнем меню', NULL, NULL),
	(183, 1, 'Иванова Марина Николаевна', '+79278464411', 'Кнопка в верхнем меню', NULL, NULL),
	(184, 1, 'Попов Евгений Анатольевич', '89022401718', 'Кнопка в верхнем меню', NULL, NULL),
	(185, 1, 'Федоров Михаил Сергеевич', '+79196529192', 'Запись из расписания', NULL, NULL),
	(186, 1, 'Рябова Наталия венедиктовна', '9278505370', 'new year', NULL, NULL),
	(187, 1, 'Иванова Софья Борисовна', '+79196627978', 'Кнопка в верхнем меню', NULL, NULL),
	(188, 1, 'Иванова Ирина Константиновна', '+79876638027', 'Кнопка в верхнем меню', NULL, NULL),
	(189, 1, 'Иванова Ирина Константиновна', '+79876638027', 'Кнопка в верхнем меню', NULL, NULL),
	(190, 1, 'Миловидова Олеся Владимировна', '+7 952 020 75 90', 'Запись из расписания', NULL, NULL),
	(191, 1, 'шахяров амид габилович', '89871278260', 'Кнопка в верхнем меню', NULL, NULL),
	(192, 1, 'шахяров амид габилович', '89871278260', 'trenazhernyj zal', NULL, NULL),
	(193, 1, 'Антипов Владимим Эдуардович', '+79083040936', 'trenazhernyj zal', NULL, NULL),
	(194, 1, 'Наталия Краснова', '89370111924', 'Кнопка в верхнем меню', NULL, NULL),
	(195, 1, 'Иванова Марина Александровна', '89876630171', 'Кнопка в верхнем меню', NULL, NULL),
	(196, 1, 'Петрова Анна Игоревна', '89196618716', 'Кнопка в верхнем меню', NULL, NULL),
	(197, 1, 'Быкова Екатерина Игоревна', '89625986148', 'Кнопка в верхнем меню', NULL, NULL),
	(198, 1, 'Быкова Наталия Николаевна', '89674734022', 'Кнопка в верхнем меню', NULL, NULL),
	(199, 1, 'Николаева Светлана Николаевна', '89520204712', 'Кнопка в верхнем меню', NULL, NULL),
	(200, 1, 'Скворцова Наталья Геннадьевна', '+79871244308', 'Кнопка в верхнем меню', NULL, NULL),
	(201, 1, 'Андреева Екатерина Ивановна', '+79093052898', 'Кнопка в верхнем меню', NULL, NULL),
	(202, 1, 'Евгения Стеклова', '+79170650884', 'Кнопка в верхнем меню', NULL, NULL),
	(203, 1, 'Акимов Дмитрий Николаевич', '+79279971244', 'trenazhernyj zal', NULL, NULL),
	(204, 1, 'Эльвира', '89033458300', 'trenazhernyj zal', NULL, NULL),
	(205, 1, 'Иванова Зинаида Димитриевна', '+79871258999', 'Кнопка в верхнем меню', NULL, NULL),
	(206, 1, 'Морозова Дарья Сергеевна', '89603121112', 'presonalka', NULL, NULL),
	(207, 1, 'Былинкина Алла Андреевна ', '+79671601152', 'tanzevalnue napravlenia', NULL, NULL),
	(208, 1, 'Николаева Надежда Иосифовна', '+79278469078', 'Кнопка в верхнем меню', NULL, NULL),
	(209, 1, 'Афанасьева Анна Владимировна', '+79170668982', 'Кнопка в верхнем меню', NULL, NULL),
	(210, 1, 'Николаева Надежда Иосифовна', '+79278469078', 'new year', NULL, NULL),
	(211, 1, 'Афанасьева Анна Владимировна', '+79170668982', 'new year', NULL, NULL),
	(212, 1, 'Мамонтова Ксения Владимировна', '+7987-577-81-37', 'free', NULL, NULL),
	(213, 1, 'Илларинова Анжелика Юрьевна', '+792786429229', 'Кнопка в верхнем меню', NULL, NULL),
	(214, 1, 'гильманова екатерина валерьевна', '89176749256', 'Запись из расписания', NULL, NULL),
	(215, 1, 'Бакшаева Анастасия Владимировна', '+79603021544', 'Кнопка в верхнем меню', NULL, NULL),
	(216, 1, 'Исметова Лидия Васильевна', '+79379549479', 'Кнопка в верхнем меню', NULL, NULL),
	(217, 1, 'Степанова Альбина Макаровна', '+79871257087', 'Кнопка в верхнем меню', NULL, NULL),
	(218, 1, 'Абросимова Ольга Владимировна', '44-45-04', 'Кнопка в верхнем меню', NULL, NULL),
	(219, 2, 'Григорьева Валентина Анатольевна', '+79276693826', 'presonalka', NULL, NULL),
	(220, 1, 'сорокина евгения станиславовна', '89196575795', 'Кнопка в верхнем меню', NULL, NULL),
	(221, 1, 'Капитонова Анжела Алексеевна', '+79877360866', 'Запись из расписания', NULL, NULL),
	(222, 1, 'Сироткина Ия Брорисовна', '89876686966', 'tanzevalnue napravlenia', NULL, NULL),
	(223, 1, 'михайлова елена', '79373718738', 'Кнопка в верхнем меню', NULL, NULL),
	(224, 2, 'Архипов Александр Михайлович', '+79196622032', 'Кнопка в верхнем меню', NULL, NULL),
	(225, 1, 'Степанова Евгения Григорьевна', '+7963867077', 'kardiozona', NULL, NULL),
	(226, 1, 'Степанова Евгения Григорьевна', '+7963867077', 'trenazhernyj zal', NULL, NULL),
	(227, 1, 'Николаева Ирина Геннадьевна', '79278563448', 'Запись из расписания', NULL, NULL),
	(228, 1, 'Николаева Ирина Геннадьевна', '79278563448', 'silovye napravlenia', NULL, NULL),
	(229, 1, 'Николаева Ирина Геннадьевна', '79278563448', 'yogastudio', NULL, NULL),
	(230, 1, 'БОРИСОВА ВЕРА ГРИГОРЬЕВНА', '89623210694', 'Кнопка в верхнем меню', NULL, NULL),
	(231, 1, 'вотякова анна', '+79876766572', 'Кнопка в верхнем меню', NULL, NULL),
	(232, 1, 'Феофанова Юлия Александровна', '+79176754319', 'Запись из расписания', NULL, NULL),
	(233, 1, 'Смирнова Оксана Рудольфовна', '+79278467318', 'Кнопка в верхнем меню', NULL, NULL),
	(234, 2, 'Гусева Елена Александровна', '89278686700', 'yogastudio', NULL, NULL),
	(235, 1, 'Смирнова Оксана Рудольфовна', '+79278467318', 'trenazhernyj zal', NULL, NULL),
	(236, 1, 'Владимирова Ольга Сергеевна', '+79093041594', 'silovye napravlenia', NULL, NULL),
	(237, 1, 'Владимирова Ольга Сергеевна', '+79093041594', 'tanzevalnue napravlenia', NULL, NULL),
	(238, 1, 'Владимирова Ольга Сергеевна', '+79093041594', 'free', NULL, NULL),
	(239, 1, 'Воробьева Ксения Владимировна', '+79170643351', 'Кнопка в верхнем меню', NULL, NULL),
	(240, 1, 'Куракина Татьяна ', '8-917-660-26-62', 'Кнопка в верхнем меню', NULL, NULL),
	(241, 1, 'Батаева Анна Александровна', '89876774091', 'trenazhernyj zal', NULL, NULL),
	(242, 1, 'Светлова Наталья Николаевна', '89373864996', 'Кнопка в верхнем меню', NULL, NULL),
	(243, 1, 'Федорова И.Г.', '+79279903190', 'Запись из расписания', NULL, NULL),
	(244, 2, 'Максимова Марина Александровна', '89033458529', 'Кнопка в верхнем меню', NULL, NULL),
	(245, 1, 'Романова Татьяна Юрьевна', '9278594043', 'Кнопка в верхнем меню', NULL, NULL),
	(246, 1, 'Ахметова Кантай Серекбаевна', '+79003322124', 'Кнопка в верхнем меню', NULL, NULL),
	(247, 1, 'Ишалеева Елена Леонидовна', '89871271433', 'Кнопка в верхнем меню', NULL, NULL),
	(248, 1, 'Краснова Анна Геннадьевна', '+79176778190', 'Кнопка в верхнем меню', NULL, NULL),
	(249, 1, 'Краснова Анна Геннадьевна', '+79176778190', 'trenazhernyj zal', NULL, NULL),
	(250, 1, 'Краснова Анна Геннадьевна', '+79176778190', 'free', NULL, NULL),
	(251, 1, 'Краснова Анна Геннадьевна', '+79176778190', 'free', NULL, NULL),
	(252, 1, 'Ефимова Светлана Владиславовна', '89603061568', 'Кнопка в верхнем меню', NULL, NULL),
	(253, 1, 'Маркова Елена Юрьевна', '89026600099', 'free', NULL, NULL),
	(254, 1, 'Белова Татьяна Александровна', '+79613342992', 'Запись из расписания', NULL, NULL),
	(255, 2, 'Никифорова Ольга Геннадьевна', '+79196680649', 'trenazhernyj zal', NULL, NULL),
	(256, 2, 'Копеева Екатерина Анатольевна', '+79520287346', 'Кнопка в верхнем меню', NULL, NULL),
	(257, 2, 'Доброхотова Ирина Валерьевна', '+79196590344', 'Кнопка в верхнем меню', NULL, NULL),
	(258, 1, 'Большова Елена Владимировна ', '89379539035', 'Кнопка в верхнем меню', NULL, NULL),
	(259, 1, 'Поляков Евгений Львович', '79176740723', 'Кнопка в верхнем меню', NULL, NULL),
	(260, 1, 'Васильев Егор Сергеевич ', '89370109924', 'Кнопка в верхнем меню', NULL, NULL),
	(261, 2, 'Малахова Екатерина Вячеславовна', '+79373801096', 'Запись из расписания', NULL, NULL),
	(262, 2, 'Джонни', '+79276687438', 'new year', NULL, NULL),
	(263, 1, 'Фасхутдинов Азат Рашидович', '+79876740061', 'trenazhernyj zal', NULL, NULL),
	(264, 1, 'Потапова Анастасия Анатольевна', '9520288222', 'Кнопка в верхнем меню', NULL, NULL),
	(265, 1, 'Корсакова Анастасия Андреевна ', '9088443269', 'Запись из расписания', NULL, NULL),
	(266, 1, 'Федорова Елена Владимировна', '+79176571424', 'аэробно-силовые направления', NULL, NULL),
	(267, 1, 'Волкова Ольга Николаевна', '+79278660065 ', 'tanzevalnue napravlenia', NULL, NULL),
	(268, 1, 'Кашанова Надежда', '89176651414', 'Запись из расписания', NULL, NULL),
	(269, 1, 'Жилкина Наталия Александровна', '8-937-388-53-49', 'Кнопка в верхнем меню', NULL, NULL),
	(270, 1, 'Корнилова Анастасия Владимировна', '+79379516940', 'Кнопка в верхнем меню', NULL, NULL),
	(271, 1, 'Корнилова Анастасия Владимировна', '+79379516940', '<span>Запись на 100 персоналок</span>', NULL, NULL),
	(272, 1, 'Пухлова Алена Михайловна', '9625999986', 'Кнопка в верхнем меню', NULL, NULL),
	(273, 1, 'Шломина Виктория Владимировна', '89876784896', 'Кнопка в верхнем меню', NULL, NULL),
	(274, 1, 'Шломина Виктория Владимировна', '89876784896', 'Кнопка в верхнем меню', NULL, NULL),
	(275, 1, 'Шломина Виктория Владимировна', '89876784896', 'Кнопка в верхнем меню', NULL, NULL),
	(276, 1, 'Гаврилова Любовь Леонидовна', '+79083030639', 'Кнопка в верхнем меню', NULL, NULL),
	(277, 1, 'Семенова Александра Анатольевна', '89603046166', 'Кнопка в верхнем меню', NULL, NULL),
	(278, 2, 'Рафинов Александр Вячеславович', '+79871267430', 'Запись из расписания', NULL, NULL),
	(279, 1, 'Атаманова Алина Михайловна', '89176525503', 'Кнопка в верхнем меню', NULL, NULL),
	(280, 1, 'Рииман Ирина Петровна', '+79196579456', 'trenazhernyj zal', NULL, NULL),
	(281, 1, 'Аликова Оксана Валерьевна', '+79373775764', 'tanzevalnue napravlenia', NULL, NULL),
	(282, 1, 'Глушко Елена Васильевна', '89176544814', 'Кнопка в верхнем меню', NULL, NULL),
	(283, 2, 'Гладкина Оксана Олеговна', '89278465296', 'Кнопка в верхнем меню', NULL, NULL),
	(284, 1, 'Семенова Надежда Веняминовна', '+79176571238', 'Кнопка в верхнем меню', NULL, NULL),
	(285, 1, 'Боронихина Анна Ивановна', '89373766044', 'trenazhernyj zal', NULL, NULL),
	(286, 1, 'князева юлия', '+7 960 306-81-67', 'Кнопка в верхнем меню', NULL, NULL),
	(287, 1, 'Семенова Александра Анатольевна', '9603046166', 'Кнопка в верхнем меню', NULL, NULL),
	(288, 1, 'sdfsdgsgsddsg', '34534534543', 'Кнопка в верхнем меню', NULL, NULL),
	(289, 1, 'Антонова Екатерина Ивановна', '+79030631162', 'Кнопка в верхнем меню', NULL, NULL),
	(290, 1, 'шемекина марина вениаминовна ', '89176593918', 'Кнопка в верхнем меню', NULL, NULL),
	(291, 1, 'Гаврилов Константин Владимирович', '+9262671608', 'Кнопка в верхнем меню', NULL, NULL),
	(292, 1, 'Угарина Надежда Ивановна', '+79674711728', 'Кнопка в верхнем меню', NULL, NULL),
	(293, 2, 'Чистов Иван Евгеньевич', '+79875784391', 'Кнопка в верхнем меню', NULL, NULL),
	(294, 1, 'Угарина Надежда Ивановна', '+79674711728', 'free', NULL, NULL),
	(295, 1, 'Антонова Екатерина Ивановна', '+79030631162', 'Кнопка в верхнем меню', NULL, NULL),
	(296, 2, 'Николаева Анна Ивановна', '89656800433', 'Кнопка в верхнем меню', NULL, NULL),
	(297, 1, 'Волкова Анна Вениаминовна', '89196714403', 'Кнопка в верхнем меню', NULL, NULL),
	(298, 1, 'Калюклва Екатерина Кузьминична ', '89053437399', 'Кнопка в верхнем меню', NULL, NULL),
	(299, 1, 'Барашова Надежда', '+79196777782', 'Кнопка в верхнем меню', NULL, NULL),
	(300, 1, 'Кашина Александра', '+7 (960) 305-36-36', 'Кнопка в верхнем меню', NULL, NULL),
	(301, 1, 'Белова Анна Алексеевна', '+79053798313', 'Кнопка в верхнем меню', NULL, NULL),
	(302, 1, 'Ермолаева Надежда Валериевна', '+79063885327', 'Кнопка в верхнем меню', NULL, NULL),
	(303, 1, 'Ермолаева Надежда Валериевна', '+79063885327', 'Кнопка в верхнем меню', NULL, NULL),
	(304, 1, 'Князева Юлия', '+79603068167', 'Запись из расписания', NULL, NULL),
	(305, 1, 'Акудович Марина Николаевна', '79276670721', 'Запись из расписания', NULL, NULL),
	(306, 1, 'Корняков Олег Петрович', '+79083005045', 'Кнопка в верхнем меню', NULL, NULL),
	(307, 1, 'Фисенко Ольга Владиславна', '+79083051282', 'Кнопка в верхнем меню', NULL, NULL),
	(308, 1, 'Варданян Маис Геворгович', '+79876661768', 'Кнопка в верхнем меню', NULL, NULL),
	(309, 1, 'Петрова Нина', '+79876793343', 'Кнопка в верхнем меню', NULL, NULL),
	(310, 1, 'Николаев Игорь Александрович', '+79877366089', 'Кнопка в верхнем меню', NULL, NULL),
	(311, 1, 'Лукина Анна Ивановна', '89278577451', 'Кнопка в верхнем меню', NULL, NULL),
	(312, 1, 'Григорьева Ирина Сергеевна', '89176691999', 'Кнопка в верхнем меню', NULL, NULL),
	(313, 1, 'васильева марина валентиновна', '+79876715628', 'Кнопка в верхнем меню', NULL, NULL),
	(314, 1, 'Григорьева Анастасия Сергеевна', '89083029841', 'Кнопка в верхнем меню', NULL, NULL),
	(315, 1, 'Григорьева Анастасия Сергеевна', '89083029841', 'Кнопка в верхнем меню', NULL, NULL),
	(316, 1, 'Горбунова Татьяна Алексеевна', '89196507517', 'Запись из расписания', NULL, NULL),
	(317, 1, 'Горбунова Татьяна Алексеевна', '89196507517', 'Кнопка в верхнем меню', NULL, NULL),
	(318, 1, 'Sarapina Larisa Nikolaevna', '40-60-92', 'free', NULL, NULL),
	(319, 1, 'Ефимова Татьяна', '927-847-66-75', 'Кнопка в верхнем меню', NULL, NULL),
	(320, 1, 'Мансурова Венера Ремисовна', '+79278403060', 'Кнопка в верхнем меню', NULL, NULL),
	(321, 1, 'Федорова Мария Эдуардовна', '+79278553755', 'Кнопка в верхнем меню', NULL, NULL),
	(322, 1, 'Романова Маргарита Игоревна', '+79656888455', 'Кнопка в верхнем меню', NULL, NULL),
	(323, 1, 'Савельева Оксана Львовна', '+79196756153', 'Кнопка в верхнем меню', NULL, NULL),
	(324, 1, 'Морозова Екатерина Андреевна', '+79196584433', 'Кнопка в верхнем меню', NULL, NULL),
	(325, 1, 'Сазонова Татьяна Александровна', '+79876658600', 'Кнопка в верхнем меню', NULL, NULL),
	(326, 1, 'Алексеева Лариса Сергеевна', '+79170642456', 'Кнопка в верхнем меню', NULL, NULL),
	(327, 1, 'Павлова Марта Николаевна ', '+79196771541', 'Кнопка в верхнем меню', NULL, NULL),
	(328, 1, 'Федорова Мария Эдуардовна ', '+79278553755', 'free', NULL, NULL),
	(329, 1, 'Федорова Мария Эдуардовна', '+79278553755', 'аэробно-силовые направления', NULL, NULL),
	(330, 1, 'Романова Маргарита Игоревна ', '+79656888455', 'аэробно-силовые направления', NULL, NULL),
	(331, 1, 'Морозова Екатерина Андреевна ', '+79196584433', 'аэробно-силовые направления', NULL, NULL),
	(332, 1, 'Савельева Оксана Львовна', '+79196756153', 'аэробно-силовые направления', NULL, NULL),
	(333, 1, 'Романова Маргарита Игоревна ', '+79656888455', 'tanzevalnue napravlenia', NULL, NULL),
	(334, 1, 'Савельева Оксана Львовна ', '+79196756153', 'tanzevalnue napravlenia', NULL, NULL),
	(335, 1, 'Морозова Екатерина Андреевна', '+79196584433', 'tanzevalnue napravlenia', NULL, NULL),
	(336, 1, 'Федорова Мария Эдуардовна', '+79278553755', 'tanzevalnue napravlenia', NULL, NULL),
	(337, 1, 'Павлова Марта Николаевна ', '+79196771541', 'tanzevalnue napravlenia', NULL, NULL),
	(338, 1, 'Алексеева Лариса Сергеевна', '+79170642456', 'tanzevalnue napravlenia', NULL, NULL),
	(339, 1, 'Сазонова Татьяна Александровна ', '+79876658600', 'tanzevalnue napravlenia', NULL, NULL),
	(340, 1, 'Алексеев Андрей Анатольевич ', '+79278433785', 'trenazhernyj zal', NULL, NULL),
	(341, 1, 'Ластухина Мария Андреевна', '+79658160616', 'Кнопка в верхнем меню', NULL, NULL),
	(342, 1, 'Сизарева Екатерина Александровна ', '+79176501003', 'tanzevalnue napravlenia', NULL, NULL),
	(343, 2, 'Митрофанова Венера Владимировна ', '9196617692', 'Кнопка в верхнем меню', NULL, NULL),
	(344, 1, 'Малкова Наталия Геннадьевна', '+7 9022877292', 'Кнопка в верхнем меню', NULL, NULL),
	(345, 1, 'Иванаускене Анна', '+79613440066', 'Кнопка в верхнем меню', NULL, NULL),
	(346, 1, 'Плетеневская Светлана ', '89196549068', 'yogastudio', NULL, NULL),
	(347, 1, 'Фёдорова Лилия Ивановна', '89876674131', 'Кнопка в верхнем меню', NULL, NULL),
	(348, 1, 'Никандрова Елена Геннадьевна', '89176647737', 'Кнопка в верхнем меню', NULL, NULL),
	(349, 1, 'Альбина Кузнецова', '89279903130', 'Кнопка в верхнем меню', NULL, NULL),
	(350, 1, 'Тарасова Ольга Филипповна', '+79379554380', 'Кнопка в верхнем меню', NULL, NULL),
	(351, 1, 'Назимова Анастасия  Дмитриевна ', '79871238002', 'Кнопка в верхнем меню', NULL, NULL),
	(352, 1, 'Иванова Оксана Владимировна', '+79061348956', 'Кнопка в верхнем меню', NULL, NULL),
	(353, 1, 'Кириллова Татьяна Владимировна', '+79278651523', 'Кнопка в верхнем меню', NULL, NULL),
	(354, 1, 'Васильева Анна Александровна ', '+79196569811', 'tanzevalnue napravlenia', NULL, NULL),
	(355, 1, 'николаева наталья', '89022407240', 'Кнопка в верхнем меню', NULL, NULL),
	(356, 1, 'Краснова Наталия Николаевна', '+79176773132', 'Кнопка в верхнем меню', NULL, NULL),
	(357, 1, 'Младен Джисалов', '+79648613052', 'Кнопка в верхнем меню', NULL, NULL),
	(358, 1, 'Алексеев Андрей Михайлович', '+79877385478', 'Кнопка в верхнем меню', NULL, NULL),
	(359, 1, 'Янченко Нелли Дмитриевна', '+79093011122', 'yogastudio', NULL, NULL),
	(360, 1, 'Яндулов Дмитрий Алексеевич', '+79601779061', 'trenazhernyj zal', NULL, NULL),
	(361, 1, 'Калишова Ольга Вячеславовна', '+79603092755', 'Запись из расписания', NULL, NULL),
	(362, 1, 'Степанова Анжелика Львовна', '89877352585', 'tanzevalnue napravlenia', NULL, NULL),
	(363, 1, 'Леонтьева Инна Ильинична', '+79613442887', 'Кнопка в верхнем меню', NULL, NULL),
	(364, 1, 'Лукина Елена Вениаминовна ', '9278457315', 'Кнопка в верхнем меню', NULL, NULL),
	(365, 1, 'Морозова Юлия', '+79176745235', 'free', NULL, NULL),
	(366, 1, 'Александров Арндрей Михайлович', '+79176500139', 'Кнопка в верхнем меню', NULL, NULL),
	(367, 1, 'Морозова Юлия Сергеевна', '+79176745235', 'trenazhernyj zal', NULL, NULL),
	(368, 1, 'Александров Арндрей Михайлович', '+79176500139', 'trenazhernyj zal', NULL, NULL),
	(369, 1, 'абрамова мария владимировна', '+79379427772', 'Кнопка в верхнем меню', NULL, NULL),
	(370, 1, 'Долгова Галина', '9176563708', 'Запись из расписания', NULL, NULL),
	(371, 1, 'Паймушина Ольга Сергеевна', '89196549189', 'Кнопка в верхнем меню', NULL, NULL),
	(372, 1, 'Семенова Екатерина Владимировна', '89061302031', 'Кнопка в верхнем меню', NULL, NULL),
	(373, 1, 'Спенькова Людмила Валерьевна', '+79876637263', 'Кнопка в верхнем меню', NULL, NULL),
	(374, 1, 'Салманов М.В.', '89373796323', 'Кнопка в верхнем меню', NULL, NULL),
	(375, 1, 'Кузьмина Ирина Ивановна', '89196647441', 'trenazhernyj zal', NULL, NULL),
	(376, 1, 'Кузьмина Марина Ивановна', '89196729391', 'Кнопка в каталоге: 100 ПЕРСОНАЛОК за 10 тыс. рублей!', NULL, NULL),
	(377, 1, 'Кузьмина Зинаида Ивановна', '89278502202', 'free', NULL, NULL),
	(378, 1, 'Краснова Анастасия Валерьевна', '79370123377', 'Кнопка в верхнем меню', NULL, NULL),
	(379, 1, 'Салицева Ксения Александровна', '+79176772420', 'Кнопка в верхнем меню', NULL, NULL),
	(380, 1, 'Сорминс Анна', '+79278407418', 'Кнопка в верхнем меню', NULL, NULL),
	(381, 1, 'Сорминская Анна', '+79278407418', 'Кнопка в верхнем меню', NULL, NULL),
	(382, 1, 'Абрамова Марина Владимировна', '89603115666', 'Кнопка в верхнем меню', NULL, NULL),
	(383, 1, 'Якимова Надежда Александровна', '+79083052424', 'Кнопка в верхнем меню', NULL, NULL),
	(384, 1, 'Киреева Евгения Алексеевна', '89061327214', 'Кнопка в верхнем меню', NULL, NULL),
	(385, 2, 'Крупина Юлия Владимировна', '89520221794', 'Кнопка в каталоге: 100 ПЕРСОНАЛОК за 10 тыс. рублей!', NULL, NULL),
	(386, 1, 'Никитина Надежда Львовна', '+79026630209', 'Кнопка в верхнем меню', NULL, NULL),
	(387, 1, 'Трофимова Ирина Сергеева', '+79625985837', 'Кнопка в верхнем меню', NULL, NULL),
	(388, 1, 'Шалимова Полина', '=79373750455', 'free', NULL, NULL),
	(389, 1, 'Егорова Ольга Александровна', '+79876656920', 'Кнопка в верхнем меню', NULL, NULL),
	(390, 2, 'Чистякова Марина Николаевна', '89278664800', 'Кнопка в верхнем меню', NULL, NULL),
	(391, 1, 'Дмитриев Дмитрий', '+79876660850', 'Кнопка в верхнем меню', NULL, NULL),
	(392, 1, 'Глазырина Анастасия Ивановна', '+79370161939', 'Кнопка в верхнем меню', NULL, NULL),
	(393, 1, 'Шапошникова Дарья', '+79176797024', 'Кнопка в верхнем меню', NULL, NULL),
	(394, 1, 'Семенова Екатерина Анатольевна', '9033469339', 'Кнопка в верхнем меню', NULL, NULL),
	(395, 1, 'Антонов Геннадий Анатольевич', '+79877352346', 'Запись из расписания', NULL, NULL),
	(396, 1, 'Иванов Михаил Николаевич', '+79083000888', 'Кнопка в верхнем меню', NULL, NULL),
	(397, 2, 'Яковлева Светлана Павловна', '+79279965520', 'Кнопка в верхнем меню', NULL, NULL),
	(398, 2, 'Григорьева Валентина Ивановна', '+79278667955', 'Кнопка в верхнем меню', NULL, NULL),
	(399, 2, 'Брежнева Елена Викторовна', '+79278599146', 'Кнопка в верхнем меню', NULL, NULL),
	(400, 1, 'Янаева Наталья Алексеевна', '89053446433', 'yogastudio', NULL, NULL),
	(401, 2, 'Карпова Эллина Вячеславоана', '+79373941999', 'Запись из расписания', NULL, NULL),
	(402, 1, 'Полякова Екатерина Юрьевна', '89033585756', 'Запись из расписания', NULL, NULL),
	(403, 2, 'Карпова Анна Вячеславовна', '+79379520383', 'Кнопка в верхнем меню', NULL, NULL),
	(404, 1, 'Мозжухина Ирина Н.', '+79176552020', 'Запись из расписания', NULL, NULL),
	(405, 1, 'Адикин Владимир Сергеевич', '+79083076373', 'Кнопка в верхнем меню', NULL, NULL),
	(406, 2, 'Рыбакова Ксения Андреевна', '+79877362331', 'Кнопка в верхнем меню', NULL, NULL),
	(407, 1, 'Егорова Ольга Николаевна', '89196663883', 'yogastudio', NULL, NULL),
	(408, 1, 'Сергеева Марина Геннадьевна', '+79876600909', 'Кнопка в верхнем меню', NULL, NULL),
	(409, 1, 'Любимова Наталья Владимировна', '+79176554133', 'Кнопка в верхнем меню', NULL, NULL),
	(410, 1, 'Пвлова Любовь Петровна', '+79022406600', 'Кнопка в верхнем меню', NULL, NULL),
	(411, 2, 'Романова Анна Валерьевна', '89176763942 ', 'Кнопка в верхнем меню', NULL, NULL),
	(412, 1, 'Артюков Алексей Витальевич', '79032414488', 'Кнопка в верхнем меню', NULL, NULL),
	(413, 1, 'Лукина Наталья Владимировна', '89063819999', 'Кнопка в верхнем меню', NULL, NULL),
	(414, 2, 'Павел ', '+79176574404', 'trenazhernyj zal', NULL, NULL),
	(415, 2, 'Осипова Ирина Николаевна', '89603129566', 'Кнопка в верхнем меню', NULL, NULL),
	(416, 1, 'Рыбакова Анна Юрьевна', '+79871235106', 'Запись из расписания', NULL, NULL),
	(417, 1, 'Рыбакова Анна Юрьевна', '+79871235106', 'yogastudio', NULL, NULL),
	(418, 1, 'Лукина Наталья Владимировна', '89063819999', 'Кнопка в верхнем меню', NULL, NULL),
	(419, 2, 'Бабина Людмила Юрьевна', '+79876652465', 'Кнопка в верхнем меню', NULL, NULL),
	(420, 2, 'Шершукова Светлана ', '+79163495478', 'Кнопка в верхнем меню', NULL, NULL),
	(421, 1, 'Левацкая Светлана Анатольевна', '89520223131', 'presonalka', NULL, NULL),
	(422, 1, 'Евтихеев Гордей Владимирович ', '+79176591203', 'Кнопка в верхнем меню', NULL, NULL),
	(423, 1, 'Анисимов Женя Александрович', '+79603057498', 'Кнопка в верхнем меню', NULL, NULL),
	(424, 1, 'Анисимов Женя Александрович', '+79603057498', 'Кнопка в верхнем меню', NULL, NULL),
	(425, 1, 'Филатова Наталья Валерьевна', '89196619948', 'Кнопка в верхнем меню', NULL, NULL),
	(426, 1, 'Василева Кристина Василева', '+79876720177', 'Кнопка в верхнем меню', NULL, NULL),
	(427, 1, 'АНДРЕЕВА ОЛЬГА НИКОЛАЕВНА', '89033581643', 'Кнопка в верхнем меню', NULL, NULL),
	(428, 1, 'Брусова Мария Васильевна', '+79373725982', 'Кнопка в верхнем меню', NULL, NULL),
	(429, 1, 'Герасимова Татьяна Владимировна', '89623218018', 'Кнопка в верхнем меню', NULL, NULL),
	(430, 2, 'сорокина марина аркадьевна', '89051996223', 'Кнопка в верхнем меню', NULL, NULL),
	(431, 2, 'Шимешева Анна Эдуардовна', '89053431918', 'Кнопка в верхнем меню', NULL, NULL),
	(432, 1, 'саканина о.и.', '+79276677763', 'Кнопка в верхнем меню', NULL, NULL),
	(433, 2, 'смелова александра дмитриевна', '+79196785958', 'Кнопка в верхнем меню', NULL, NULL),
	(434, 2, 'васильева марина валентиновна', '+79876715628', 'Кнопка в верхнем меню', NULL, NULL),
	(435, 2, 'кудряшов алексей маркович', '89613455271', 'Кнопка в верхнем меню', NULL, NULL),
	(436, 2, 'Маркова О.Г.', '89674717688', 'Запись из расписания', NULL, NULL),
	(437, 1, 'Осипова Екатерина Валерьевна', '8927-841-85-40', 'Кнопка в верхнем меню', NULL, NULL),
	(438, 2, 'Сёмкина Елена Александровна ', '+79373921315', 'Запись из расписания', NULL, NULL),
	(439, 2, 'Куварзина Альбина Петровна', '+79276689031', 'Кнопка в верхнем меню', NULL, NULL),
	(440, 2, 'Ефремова Екатерина Вячеславовна', '+79373719938', 'Кнопка в верхнем меню', NULL, NULL),
	(441, 1, 'Михайлов Владимир Сергеевич', '+79196772400', 'yogastudio', NULL, NULL),
	(442, 1, 'Жирнова Ольга Александровна', '+79196798863', 'Запись из расписания', NULL, NULL),
	(443, 2, 'Львова Венера Леонидовна', '89603040868', 'Запись из расписания', NULL, NULL),
	(444, 1, 'Лазарева Екатерина ', '+79176562029', 'Кнопка в верхнем меню', NULL, NULL),
	(445, 1, 'http://hcmzyjilwrta.com/', 'http://hcmzyjilwrta.com/', '', NULL, NULL),
	(446, 1, 'михайлова юлия владимировна', '79875759058', 'trenazhernyj zal', NULL, NULL),
	(447, 1, 'Мельникова Анастасия Вениаминовна', '+79876670022', 'trenazhernyj zal', NULL, NULL),
	(448, 1, 'Чернова Мария Дмитриевна', '89063892299', 'yogastudio', NULL, NULL),
	(449, 1, 'NsPwXrvKkJXZCH', '39531052531', '', NULL, NULL),
	(450, 1, 'Королёва Дарья Васильевна', '+79603112955', 'Кнопка в верхнем меню', NULL, NULL),
	(451, 1, 'McCbXgGDzGCpxKPRcW', '61237658719', '', NULL, NULL),
	(452, 1, 'Ильдукова Елена Сергеевна', '+79278437374', 'Кнопка в верхнем меню', NULL, NULL),
	(453, 1, 'Петрова Лариса Александровна', '8-917-665-71-74', 'new year', NULL, NULL),
	(454, 1, 'azZZFtrwOHx', '81992675515', '', NULL, NULL),
	(455, 1, 'Морозова Александра Сергеевна', '+79033450521', 'Запись из расписания', NULL, NULL),
	(456, 1, 'Морозова Александра Сергеевна', '+79033450521', 'Запись из расписания', NULL, NULL),
	(457, 1, 'Степанова Любовь Геннадьевна', '+79603139983', 'Кнопка в верхнем меню', NULL, NULL),
	(458, 1, 'Алексеева Наталья', '8 917 665 40 31', 'Кнопка в верхнем меню', NULL, NULL),
	(459, 1, 'Тихонова Наталия Сергеевна', '+79093051223', 'аэробно-силовые направления', NULL, NULL),
	(460, 1, 'Пешохина Вера Васильевна', '+79023271984', 'presonalka', NULL, NULL),
	(461, 1, 'Баценкова Ульяна Владимировна', '89063883905', 'Кнопка в верхнем меню', NULL, NULL),
	(462, 1, 'Сайтбурханова Виктория Наилевна', '79090895004', 'Кнопка в верхнем меню', NULL, NULL),
	(463, 2, 'Иванов Дмитрий Николаевич', '89871267430', 'Кнопка в каталоге: 100 ПЕРСОНАЛОК за 10 тыс. рублей!', NULL, NULL),
	(464, 1, 'Паймурзов Александр Геннадьевич', '+79170770707', 'Кнопка в верхнем меню', NULL, NULL),
	(465, 1, 'Петров Ефим Николаевич', '+79196663540', 'Кнопка в верхнем меню', NULL, NULL),
	(466, 2, 'морозова', '89295838195', 'free', NULL, NULL),
	(467, 2, 'Егорова Татьяна Леонидовна', '+79083000298', 'Кнопка в верхнем меню', NULL, NULL),
	(468, 1, 'Азизова Виктория Анатольевна', '+79629886720', 'Кнопка в верхнем меню', NULL, NULL),
	(469, 1, 'Афанасьева Оксана Алексеевна', '+79373733104', 'trenazhernyj zal', NULL, NULL),
	(470, 2, 'Генина Ирина Николаевна', '+79030657767', 'Запись из расписания', NULL, NULL),
	(471, 2, 'снитина наталия юрьевна', '89033458524', 'Кнопка в верхнем меню', NULL, NULL),
	(472, 2, 'Васильева Наталия Николаевна', '9279983457', 'tanzevalnue napravlenia', NULL, NULL),
	(473, 1, 'Абрамова Александра Валерьевна', '+79176587721', 'Кнопка в верхнем меню', NULL, NULL),
	(474, 1, 'Ростилова Надежда Валентиновна', '+79176703084', 'Кнопка в верхнем меню', NULL, NULL),
	(475, 1, 'Львова Анастасия Владиславовна', '796747241-04', 'Кнопка в верхнем меню', NULL, NULL),
	(476, 1, 'Львова Анастасия Владиславовна', '796747241-04', 'tanzevalnue napravlenia', NULL, NULL),
	(477, 1, 'Амангельдиев Овезгелди Бегенджович', '+79877605950', 'Запись из расписания', NULL, NULL),
	(478, 2, 'Карпова Элина ', '89373941999', 'Кнопка в верхнем меню', NULL, NULL),
	(479, 1, 'васильев станислав андреевич', '89370126134', 'Кнопка в верхнем меню', NULL, NULL),
	(480, 1, 'Чайкина Людмила Ивановна', '+79876637250', 'Кнопка в верхнем меню', NULL, NULL),
	(481, 2, 'Сазанова Анастасия Дмитриевна ', '89876786322', 'presonalka', NULL, NULL),
	(482, 1, 'Никонорова Ольга Валерьевна', '+79278526566', 'Кнопка в верхнем меню', NULL, NULL),
	(483, 2, 'Степанова Кристина Олеговна', '+79373948564', 'free', NULL, NULL),
	(484, 2, 'Одинцова Анастасия Викторовна', '89083086453', 'Кнопка в верхнем меню', NULL, NULL),
	(485, 1, 'Кузьмина Е.А.', '+79530128783', 'Кнопка в верхнем меню', NULL, NULL),
	(486, 2, 'Охотникова Кристина Юрьевна', '89196699241', 'Запись из расписания', NULL, NULL),
	(487, 1, 'Рыжова Дарья Михайловна', '+79276675079', 'Кнопка в верхнем меню', NULL, NULL),
	(488, 2, 'Боброва Светлана Николаевна', '9093030138', 'Кнопка в верхнем меню', NULL, NULL),
	(489, 2, 'Федорова Екатерина Юрьевна', '9279971005', 'Кнопка в верхнем меню', NULL, NULL),
	(490, 2, 'Борисова Ирина Валерьевна ', '89196537994', 'trenazhernyj zal', NULL, NULL),
	(491, 1, 'Бакина Надежда Николевна', '89033895502', 'Кнопка в верхнем меню', NULL, NULL),
	(492, 1, 'Ильбекова Олимпиада Юрьевна', '+79033456166', 'аэробно-силовые направления', NULL, NULL),
	(493, 1, 'Потапова Анастасия Анатольевна', '+79250288222', 'Кнопка в верхнем меню', NULL, NULL),
	(494, 2, 'Кравчук Ирина Вячеславовна', '89093025266', 'Запись из расписания', NULL, NULL),
	(495, 1, 'Костров Максим Александрович', '+79876660936', 'Запись из расписания', NULL, NULL),
	(496, 1, 'Костров Максим Александрович', '+79876660936', 'Запись из расписания', NULL, NULL),
	(497, 2, 'Васильева Екатерина', '+79278610001', 'Кнопка в верхнем меню', NULL, NULL),
	(498, 1, 'Горшкова Полина Владимировна', '+79877395999', 'tanzevalnue napravlenia', NULL, NULL),
	(499, 1, 'Цюкало Иван Павлович', '+79875751197', 'silovye napravlenia', NULL, NULL),
	(500, 1, 'Цюкало Иван Павлович', '+79875751197', 'Кнопка в верхнем меню', NULL, NULL),
	(501, 1, 'Тарбаева Мария Александровна', '+79176730596', 'аэробно-силовые направления', NULL, NULL),
	(502, 1, 'Коновалова Елена Валерьевна', '9871220426', 'Кнопка в верхнем меню', NULL, NULL),
	(503, 1, 'Васильева Ирина Владимировна', '+79373944046', 'Кнопка в верхнем меню', NULL, NULL),
	(504, 1, 'Кузикова Светлана Анатольевна', '+79373863757', 'Кнопка в верхнем меню', NULL, NULL),
	(505, 1, 'Новгородова Оксана Вячеславовна', '+79033583483', 'presonalka', NULL, NULL),
	(506, 2, 'Макова Радия Мегсумовна', '89269690089', 'Кнопка в каталоге: Полный безлимит на год + Лето в подарок!', NULL, NULL),
	(507, 1, 'Михайлов', '+79876737922', 'Кнопка в каталоге: Годовая карта тренажерного зала', NULL, NULL),
	(508, 2, 'трубчанинова валентина викторовна', '89871236552', 'Кнопка в верхнем меню', NULL, NULL),
	(509, 1, 'козлова наталия николаевна ', '89626005645', 'Кнопка в верхнем меню', NULL, NULL),
	(510, 2, 'Морозова Евгения Александровна', '89379557283', 'Кнопка в каталоге: Полный безлимит на год + Лето в подарок!', NULL, NULL),
	(511, 2, 'Морозова Евгения Александровна', '89379557283', 'Кнопка в верхнем меню', NULL, NULL),
	(512, 2, 'Морозова Евгения Александровна', '89379557283', 'Запись из расписания', NULL, NULL),
	(513, 1, 'Соколов Станислав Радиславович', '+79088451905', 'Кнопка в верхнем меню', NULL, NULL),
	(514, 1, 'Смирнов Николай Олегович', '+79088469367', 'Кнопка в верхнем меню', NULL, NULL),
	(515, 2, 'Николаева Анна Ивановна', '89656800433', 'free', NULL, NULL),
	(516, 2, 'белова ольга геннадьевна', '+79278466881', 'Кнопка в верхнем меню', NULL, NULL),
	(517, 2, 'Николаева Анна Ивановна', '89656800433', 'Запись из расписания', NULL, NULL),
	(518, 2, 'Фадеева Ольга Юрьевна', '89170799379', 'Запись из расписания', NULL, NULL),
	(519, 2, 'Артемьева Елена Юрьевна', '89176712420', 'Кнопка в каталоге: Полный безлимит на год + Лето в подарок!', NULL, NULL),
	(520, 2, 'Войнова Светлана Аркадьевна', '89176523835', 'Кнопка в верхнем меню', NULL, NULL),
	(521, 1, 'Падияров Евгений Валерианович', '+79051988988', 'Кнопка в верхнем меню', NULL, NULL),
	(522, 1, 'Мясникова Елена Владимировна', '+79176517036', 'Кнопка в верхнем меню', NULL, NULL),
	(523, 1, 'пономарева анастасия николаевна', '9050270861', 'Кнопка в каталоге: Две годовых клубных карты по цене одной + лето в подарок', NULL, NULL),
	(524, 2, 'Агашкина Ирина Григорьевна', '89063802910', 'Запись из расписания', NULL, NULL),
	(525, 1, 'Выгузов Лев Владимирович', '+79370147354', 'Кнопка в верхнем меню', NULL, NULL),
	(526, 1, 'Ненастьев Павел Валентинович', '+79613422272', 'Кнопка в верхнем меню', NULL, NULL),
	(527, 2, 'макова радия', '+79373753299', 'Кнопка в каталоге: Полный безлимит на год + Лето в подарок!', NULL, NULL),
	(528, 1, 'Клементьев Сергей Леонидович', '89276679948', 'Запись из расписания', NULL, NULL),
	(529, 1, 'Короткова Елена Викторовна', '+79278628579', 'Кнопка в верхнем меню', NULL, NULL),
	(530, 1, 'Михайлова Анна Владимировна', '+79278571510', 'Кнопка в верхнем меню', NULL, NULL),
	(531, 1, 'Егорова Татьяна', '+79083000298', 'Запись из расписания', NULL, NULL),
	(532, 1, 'Кандейкина Наталья', '+79196694675', 'Кнопка в верхнем меню', NULL, NULL),
	(533, 1, 'Федорова Екатерина Алексеевна', '+79520288550', 'Кнопка в верхнем меню', NULL, NULL),
	(534, 2, 'Луковникова Екатерина Сергеевна', '+79379537284', 'Кнопка в верхнем меню', NULL, NULL),
	(535, 2, 'куракова оксана геннадьевна', '9603134649', 'Кнопка в каталоге: Полный безлимит на год + Лето в подарок!', NULL, NULL),
	(536, 1, 'Николаева Ксения', '+79818265327', 'Кнопка в верхнем меню', NULL, NULL),
	(537, 1, 'Орешникова Анна Евгеньевна ', '+79033584383', 'Кнопка в верхнем меню', NULL, NULL),
	(538, 2, 'Орлова Юлия Игоревна', '+79196624198', 'Кнопка в каталоге: Полный безлимит на год + Лето в подарок!', NULL, NULL),
	(539, 2, 'волкова светлана владимировна', '89278454443', 'Кнопка в каталоге: Полный безлимит на год + Лето в подарок!', NULL, NULL),
	(540, 2, 'Петрова Надежда Валерьевна', '+79053461426', 'Кнопка в каталоге: Полный безлимит на год + Лето в подарок!', NULL, NULL),
	(541, 1, 'Голубцова Наталья Николаевна', '+79503407799', 'Кнопка в каталоге: Две годовых клубных карты по цене одной + лето в подарок', NULL, NULL),
	(542, 1, 'леонтьева дарья  александровна', '+79051976290', 'Кнопка в каталоге: Полный безлимит на год + Лето в подарок!', NULL, NULL),
	(543, 1, 'Буко Анна Васильевна ', '+79279991776', 'Кнопка в верхнем меню', NULL, NULL),
	(544, 1, 'Буко Анна Васильевна ', '+79279991776', 'Кнопка в верхнем меню', NULL, NULL),
	(545, 1, 'Иванова Анна Александровна', '+7927867044', 'Кнопка в верхнем меню', NULL, NULL),
	(546, 1, 'Григорьева Дарья Николаевна', '+79022878568', 'Кнопка в верхнем меню', NULL, NULL),
	(547, 1, 'Романова Татьяна Анатольевна', '+79373944405', 'Кнопка в верхнем меню', NULL, NULL),
	(548, 1, 'Семенова Дарья Александровна', '+79656839845', 'Запись из расписания', NULL, NULL),
	(549, 2, 'Матвеева Анна Сергеевна', '89196758542', 'Кнопка в верхнем меню', NULL, NULL),
	(550, 1, 'Кудукова Дарья Евгеньевна', '+79876638005', 'Кнопка в верхнем меню', NULL, NULL),
	(551, 2, 'Моргунова Ангелина Андреевна', '+79050275989', 'Запись из расписания', NULL, NULL),
	(552, 2, 'Моргунова Ангелина Андреевна', '+79050275989', 'trenazhernyj zal', NULL, NULL),
	(553, 1, 'Васильева Мария', '+79196505346', 'trenazhernyj zal', NULL, NULL),
	(554, 1, 'Голощукина Евгения', '+79278544583', 'Кнопка в верхнем меню', NULL, NULL),
	(555, 1, 'Емельянова Любовь Геннадьевна', '+79279973188', 'Запись из расписания', NULL, NULL),
	(556, 1, 'Васильева Анна Федоровна', '+79196720005', 'Кнопка в верхнем меню', NULL, NULL),
	(557, 1, 'алюнова татьяна зиновьевна', '89063805719', 'Запись из расписания', NULL, NULL),
	(558, 1, 'кириллова надежда николаевна', '8987-661-79-59', 'yogastudio', NULL, NULL),
	(559, 1, 'кириллова надежда николаевна', '8987-661-79-59', 'yogastudio', NULL, NULL),
	(560, 2, 'кириллова надежда николаевна', '8987-661-79-59', 'Кнопка в верхнем меню', NULL, NULL),
	(561, 2, 'кириллова надежда николаевна', '8987-661-79-59', 'Кнопка в верхнем меню', NULL, NULL),
	(562, 1, 'Карлова Анастасия', '8-961-340-44-22', 'Кнопка в верхнем меню', NULL, NULL),
	(563, 1, 'Матросова Л.Н.', '9023270118', 'Запись из расписания', NULL, NULL),
	(564, 1, 'Поликарпова Вероника Александровна', '+79176712451', 'Запись из расписания', NULL, NULL),
	(565, 1, 'Кашин Сергей', '89656822553', 'Кнопка в верхнем меню', NULL, NULL),
	(566, 2, 'Васягина Екатерина Васильена', '89196568954', 'Кнопка в верхнем меню', NULL, NULL),
	(567, 1, 'Евдокимова Светлана Константиновна', '+79053400171', 'Кнопка в каталоге: Лето-сезон подарков! Дарим 6 месяцев к карте', NULL, NULL),
	(568, 1, 'Никифорова Елена Геннадьевна', '89093011195', 'Кнопка в верхнем меню', NULL, NULL),
	(569, 1, 'Ефимов Анатолий Валериевич', '9875766665', 'Кнопка в каталоге: Лето-сезон подарков! Дарим 6 месяцев к карте', NULL, NULL),
	(570, 2, 'Рискова Эльвира Геннадьевна', '+79278440635', 'free', NULL, NULL),
	(571, 2, 'Рискова Эльвира Геннадьевна', '+79278440635', 'Кнопка в каталоге: Полный безлимит на год + Лето в подарок!', NULL, NULL),
	(572, 2, 'Крылова Татьяна Юрьевна', '+79196724826', 'Кнопка в верхнем меню', NULL, NULL),
	(573, 1, 'Щукина Елена Владимировна', '89373904215', 'Запись из расписания', NULL, NULL),
	(574, 1, 'Рерих Марина Николаевна', '+79196675714', 'Кнопка в верхнем меню', NULL, NULL),
	(575, 1, 'кожухова валентина витальевна', '89165730453', 'Кнопка в верхнем меню', NULL, NULL),
	(576, 1, 'Мартынова Алла Александровна', '+79083012974', 'Кнопка в верхнем меню', NULL, NULL),
	(577, 1, 'Птушкина Юлия Дмитриевна', '89061300902', 'Кнопка в верхнем меню', NULL, NULL),
	(578, 1, 'Сайлутов Д.В.', '+79033222594', 'silovye napravlenia', NULL, NULL),
	(579, 1, 'Углева Ксения Владимировна', '+79176678171', 'Запись из расписания', NULL, NULL),
	(580, 2, 'Елисеева Ольга Александровна', '9373890717', 'Кнопка в верхнем меню', NULL, NULL),
	(581, 1, 'Прокшина Анастасия Евгеньевна', '+79623213231', 'trenazhernyj zal', NULL, NULL),
	(582, 1, 'Петрянкина Наталия Юрьевна', '+7-927-667-20-03', 'yogastudio', NULL, NULL),
	(583, 1, 'Моткова Наталия Федоровна', '+79176529903', 'Кнопка в верхнем меню', NULL, NULL),
	(584, 1, 'Елена', '89279984480', 'Кнопка в каталоге: Две годовых клубных карты по цене одной + лето в подарок', NULL, NULL),
	(585, 1, 'Матвеева Ксения Львовна', '+79053441889', 'Кнопка в верхнем меню', NULL, NULL),
	(586, 1, 'Ксенофонтова Л.', '9196556534', 'Кнопка в верхнем меню', NULL, NULL),
	(587, 2, 'Кондратьева Екатерина Владимировна', '+79176506263', 'аэробно-силовые направления', NULL, NULL),
	(588, 2, 'Федотова Ольга Андреевна', '89674727794', 'Кнопка в верхнем меню', NULL, NULL),
	(589, 1, 'Жененкова Евгения Робертовна', '89278583411', 'Кнопка в верхнем меню', NULL, NULL),
	(590, 1, 'Ефремова Татьяна Владимировна', '89276693666', 'Кнопка в верхнем меню', NULL, NULL),
	(591, 1, 'Остапенко Юлия Александровна', '+79674706903', 'Кнопка в верхнем меню', NULL, NULL),
	(592, 1, 'Николаева Евгения Владимировна', '+79061318205', 'Кнопка в верхнем меню', NULL, NULL),
	(593, 1, 'иванова анастасия вячеславовна', '79053438884', 'Кнопка в верхнем меню', NULL, NULL),
	(594, 1, 'Герасимова Татьяна Владимировна', '89623212787', 'Кнопка в верхнем меню', NULL, NULL),
	(595, 2, 'чернова натаоия николаевна', '9613430313', 'Кнопка в верхнем меню', NULL, NULL),
	(596, 1, 'Иванова Татьяна', '89061353522', 'Кнопка в верхнем меню', NULL, NULL),
	(597, 1, 'Романова Татьяна Валерьевна', '+79196527406', 'Кнопка в верхнем меню', NULL, NULL),
	(598, 1, 'Куцева Елена Андреевна', '+79176508800', 'Кнопка в верхнем меню', NULL, NULL),
	(599, 2, 'русских а л', '+79287561532', 'Кнопка в каталоге: Лето-сезон подарков! Дарим 6 месяцев к карте', NULL, NULL),
	(600, 1, 'Скворцова Татьяна Леонидовна', '+79876625085', 'Запись из расписания', NULL, NULL),
	(601, 1, 'Гаврилов Николай Александрович ', '89279902560 ', 'presonalka', NULL, NULL),
	(602, 2, 'Димитриева ЕА', '+79876617642', 'Кнопка в каталоге: Полный безлимит на год + Лето в подарок!', NULL, NULL),
	(603, 1, 'Николаев Павел АЛексеевич', '+79530187886', 'trenazhernyj zal', NULL, NULL),
	(604, 1, 'Николаев Павел АЛексеевич', '+79530187886', 'presonalka', NULL, NULL),
	(605, 1, 'лазарев борис юрьевич', '89876700207', 'Кнопка в каталоге: Две дневных годовых клубных карты по цене одной', NULL, NULL),
	(606, 1, 'Магасева Светлана Александровна', '+79674755045', 'Запись из расписания', NULL, NULL),
	(607, 1, 'Степанова О. А.', '+79176778099', 'Запись из расписания', NULL, NULL),
	(608, 1, 'Александров Алексей Витальевич', '8-927-848-9888', 'Кнопка в верхнем меню', NULL, NULL),
	(609, 1, 'Федосина Оксана Олеговна', '89196576090', 'Кнопка в верхнем меню', NULL, NULL),
	(610, 1, 'Демьянова Татьяна Андреевна', '8 937 012 0825', 'Кнопка в верхнем меню', NULL, NULL),
	(611, 1, 'Кругликов Константин Александрович', '+79196776806', 'Кнопка в верхнем меню', NULL, NULL),
	(612, 1, 'Краснова Дарья', '+79196510135', 'аэробно-силовые направления', NULL, NULL),
	(613, 1, 'Дегтярева Инесса Геннадьевна', '+79278527904', 'Кнопка в верхнем меню', NULL, NULL),
	(614, 1, 'куприянова ольга', '9871251586', 'Страница: "60% скидки на полный абонемент!" (директ)', NULL, NULL),
	(615, 1, 'Наталия', '+79053460043', 'Страница: "60% скидки на полный абонемент!" (директ)', NULL, NULL),
	(616, 1, 'Ксения', '89196777537', 'Страница: "60% скидки на полный абонемент!" (директ)', NULL, NULL),
	(617, 1, 'Ирина', '89176532020', 'Страница: "Два годовых дневных абонемента по цене одного" (директ)', NULL, NULL),
	(618, 1, 'Людмила', '89196619677', 'Страница: "60% скидки на полный абонемент!" (директ)', NULL, NULL),
	(619, 2, 'ермошина наталья леонидовна', '89603104205', 'presonalka', NULL, NULL),
	(620, 1, 'Ирина', '+79603103312', 'Страница: "60% скидки на полный абонемент!" (директ)', NULL, NULL),
	(621, 1, 'Семенова Анастасия Эдуардовна', '+79083008908', 'trenazhernyj zal', NULL, NULL),
	(622, 1, 'Сорокин Владимир Юрьевич', '+79876641664', 'trenazhernyj zal', NULL, NULL),
	(623, 1, 'Моисеева Анастасия Олеговна', '+79083008340', 'Кнопка в верхнем меню', NULL, NULL),
	(624, 1, 'Дарья', '89278412883', 'Страница: "60% скидки на полный абонемент!" (директ)', NULL, NULL),
	(625, 2, 'Иванова Марина', '+79871233114', 'Кнопка в верхнем меню', NULL, NULL),
	(626, 1, 'Анастасия', '89278434426', 'Страница: "60% скидки на полный абонемент!" (директ)', NULL, NULL),
	(627, 2, 'Слепова Анна Владимировна ', '89083079908', 'Кнопка в верхнем меню', NULL, NULL),
	(628, 1, 'Семенова Ирина Валерьевна', '79061311000', 'Кнопка в каталоге: Годовая клубная карта ', NULL, NULL),
	(629, 1, 'Анастасия ', '+79176730779', 'Страница: "60% скидки на полный абонемент!" (директ)', NULL, NULL),
	(630, 1, 'Ядуванкин Михаил Сергеевич', '+79373786266', 'Запись из расписания', NULL, NULL),
	(631, 2, 'Андреева Наталия Геннадьевна', '89625995551', 'Кнопка в каталоге: Две годовых клубных карты по цене одной', NULL, NULL),
	(632, 1, 'Дивиткина Марина Олеговна', '+79196664030', 'Кнопка в верхнем меню', NULL, NULL),
	(633, 1, 'Дмитриева Олеся Вячеславовна', '+79026613788', 'presonalka', NULL, NULL),
	(634, 1, 'Дмитриева Олеся Вячеславовна', '+79026613788', 'yogastudio', NULL, NULL),
	(635, 1, 'Дмитриева Олеся Вячеславовна', '+79026613788', 'tanzevalnue napravlenia', NULL, NULL),
	(636, 1, 'антонова елена эдуардовна', '89034760200', 'Кнопка в верхнем меню', NULL, NULL),
	(637, 2, 'Федорова Лина Юрьевна', '+79656800456', 'Кнопка в каталоге: Две годовых клубных карты по цене одной', NULL, NULL),
	(638, 1, 'татьяна', '89278688224', 'Страница: "60% скидки на полный абонемент!" (директ)', NULL, NULL),
	(639, 1, 'татьяна', '89278688224', 'Страница: "60% скидки на полный абонемент!" (директ)', NULL, NULL),
	(640, 1, 'Леонтьева Надежда Викторовна', '+79520285212', 'Кнопка в каталоге: Клубная карта ', NULL, NULL),
	(641, 1, 'Вольф Юлия Николаевна ', '+79876613666', 'Кнопка в верхнем меню', NULL, NULL),
	(642, 1, 'Федорова Лина Юрьевна', '89656800456', 'Страница: "60% скидки на полный абонемент!" (директ)', NULL, NULL),
	(643, 1, 'Леонтьева ксения сергеевна', '89176565919', 'trenazhernyj zal', NULL, NULL),
	(644, 1, 'Екатерина', '8 927 668 61 52', 'Страница: "60% скидки на полный абонемент!" (директ)', NULL, NULL),
	(645, 2, 'Яковлева Елена Юрьевна', '89176540974', 'Запись из расписания', NULL, NULL),
	(646, 1, 'Тувалкина Ирина Александровна', '89603039011', 'free', NULL, NULL),
	(647, 1, 'Юлия', '89196510046', 'Страница: "Два годовых дневных абонемента по цене одного" (директ)', NULL, NULL),
	(648, 1, 'ТАТЬЯНА', '89373803286', 'Страница: "60% скидки на полный абонемент!" (директ)', NULL, NULL),
	(649, 2, 'АНДРЕЕВА ТАТЬЯНА ВИКТОРОВНА', '89373803286', 'Кнопка в верхнем меню', NULL, NULL),
	(650, 1, 'Марков Ярослав А.', '+79050293495', 'Кнопка в верхнем меню', NULL, NULL),
	(651, 2, 'николаева', '+79053460043', 'Кнопка в верхнем меню', NULL, NULL),
	(652, 1, 'Александра', '89373791444', 'Страница: "60% скидки на полный абонемент!" (директ)', NULL, NULL),
	(653, 1, 'Тимофеева Алла Сергеевна', '+79050274626', 'Кнопка в верхнем меню', NULL, NULL),
	(654, 1, 'Волкова Екатерина Алексеевна', '+79196579265', 'Кнопка в каталоге: Годовая клубная карта ', NULL, NULL),
	(655, 1, 'Надежда', '89033223725', 'Страница: "Два годовых дневных абонемента по цене одного" (директ)', NULL, NULL),
	(656, 1, 'Надежда', '89033223725', 'Страница: "Два годовых дневных абонемента по цене одного" (директ)', NULL, NULL),
	(657, 1, 'Андреева Татьяна Ильинична', '+79176738617', 'free', NULL, NULL),
	(658, 2, 'Исакова А.Ю', '+79379541585', 'Кнопка в каталоге: Дарим вторую клубную карту!', NULL, NULL),
	(659, 1, 'Ольга', '89875768489', 'Страница: "60% скидки на полный абонемент!" (директ)', NULL, NULL),
	(660, 1, 'Анастасия', '89370123377', 'Страница: "60% скидки на полный абонемент!" (директ)', NULL, NULL),
	(661, 1, 'войнова елена алексеевна', '89083080258', 'Кнопка в верхнем меню', NULL, NULL),
	(662, 1, 'Алевтина ', '89196666391', 'Страница: "Два годовых дневных абонемента по цене одного" (директ)', NULL, NULL),
	(663, 1, 'Ольга', '89370114040', 'Страница: "60% скидки на полный абонемент!" (директ)', NULL, NULL),
	(664, 1, 'Семенова Ольга Юрьевна', '89379521957', 'Кнопка в каталоге: Годовая карта тренажерного зала', NULL, NULL),
	(665, 1, 'Егорова Татьяна Владимировна', '+79278557118', 'Кнопка в верхнем меню', NULL, NULL),
	(666, 1, 'Ольга', '89278412481', 'Страница: "60% скидки на полный абонемент!" (директ)', NULL, NULL),
	(667, 1, 'сатаева Татьяна владимировна', '89033455029', 'Запись из расписания', NULL, NULL),
	(668, 1, 'Урядников Виталий Геннадьевич', '+79674717221', 'Запись из расписания', NULL, NULL),
	(669, 1, 'Захарова Наталия Валерьевна', '+79176655202', 'Кнопка в верхнем меню', NULL, NULL),
	(670, 1, '89278588668', 'Марина', 'Страница: "60% скидки на полный абонемент!" (директ)', NULL, NULL),
	(671, 1, 'иванова татьяна александровна', '89176508936', 'Кнопка в каталоге: Годовая клубная карта ', NULL, NULL),
	(672, 2, 'егорова виктория валерьевна', '79176770696', 'Кнопка в верхнем меню', NULL, NULL),
	(673, 1, 'Петрова Татьяна Александровна', '+79871222126', 'Кнопка в каталоге: Дарим вторую клубную карту!', NULL, NULL),
	(674, 1, 'Любимова Татьяна Николаевна', '+79876665222', 'presonalka', NULL, NULL),
	(675, 1, 'Ефимова Алина витальевна', '89176715737', 'Запись из расписания', NULL, NULL),
	(676, 1, 'Олеся', '89373743758', 'Страница: "60% скидки на полный абонемент!" (директ)', NULL, NULL),
	(677, 1, 'Харитонова Ирина Владимировна', '+79176542001', 'Кнопка в каталоге: Годовая клубная карта ', NULL, NULL),
	(678, 2, 'Бердышева Ольга Михайловна', '+79278579690', 'Кнопка в верхнем меню', NULL, NULL),
	(679, 1, 'Саёров Андрей Николаевич', '+79278585888', 'Кнопка в верхнем меню', NULL, NULL),
	(680, 1, 'Анастасия', '79061328401', 'Страница: "60% скидки на полный абонемент!" (директ)', NULL, NULL),
	(681, 1, 'Живулина Софья Игоревна', '+79530126073', 'yogastudio', NULL, NULL),
	(682, 2, 'Васильева надежда Юрьевна', '9176756742', 'Кнопка в верхнем меню', NULL, NULL),
	(683, 2, 'Петряева Ольга Геннадьевна', '9373756300', 'Кнопка в верхнем меню', NULL, NULL),
	(684, 1, 'Кощеев Александр Сергеевич', '+ 79613436227', 'Кнопка в верхнем меню', NULL, NULL),
	(685, 1, 'Инна', '89613478406', 'Страница: "Два годовых дневных абонемента по цене одного" (директ)', NULL, NULL),
	(686, 1, 'ольга', '89656816422', 'Страница: "60% скидки на полный абонемент!" (директ)', NULL, NULL),
	(687, 1, 'Елена ', 'Николаева', 'Страница: "60% скидки на полный абонемент!" (директ)', NULL, NULL),
	(688, 1, 'Елена ', '79196504216', 'Страница: "60% скидки на полный абонемент!" (директ)', NULL, NULL),
	(689, 1, 'Николаева Елена Вячеславовна', '+79196504216', 'аэробно-силовые направления', NULL, NULL),
	(690, 1, 'Кузнецова Наталья Александровна', '89373733385', 'Кнопка в верхнем меню', NULL, NULL),
	(691, 1, 'Алтухова Ольга Вадимовна', '89379505939', 'yogastudio', NULL, NULL),
	(692, 2, 'Смолякова Анастасия Вячеславовна', '89050294625', 'free', NULL, NULL),
	(693, 1, 'Егоров Андрей', '89176723748', 'Запись из расписания', NULL, NULL),
	(694, 2, 'Шевченко Светлана Николаевна', '+7 987 125 22 85', 'free', NULL, NULL),
	(695, 1, 'Васильева К.В.', '+79083086689', 'Кнопка в каталоге: Дарим вторую клубную карту!', NULL, NULL),
	(696, 1, 'Ксения', '8-909-304-17-35', 'Страница: "60% скидки на полный абонемент!" (директ)', NULL, NULL),
	(697, 1, 'Ольга', '89379521957', 'Страница: "60% скидки на полный абонемент!" (директ)', NULL, NULL),
	(698, 1, 'Виктория', '89196574886', 'Страница: "60% скидки на полный абонемент!" (директ)', NULL, NULL),
	(699, 1, 'Синева Виктория Олеговна', '79196574886', 'Кнопка в верхнем меню', NULL, NULL),
	(700, 1, 'Совина Ольга Николаевна', '+79279985452', 'Кнопка в верхнем меню', NULL, NULL),
	(701, 1, 'Хохлова Олеся Дмитриевна', '89373933088', 'Кнопка в верхнем меню', NULL, NULL),
	(702, 1, 'Егоров Андрей', '89176723748', 'Кнопка в верхнем меню', NULL, NULL),
	(703, 1, 'Татьяна', '89871240923', 'Страница: "Два годовых дневных абонемента по цене одного" (директ)', NULL, NULL),
	(704, 1, 'эльвира', '89196793284', 'Страница: "60% скидки на полный абонемент!" (директ)', NULL, NULL),
	(705, 1, 'Наталья', '89176724979', 'Страница: "60% скидки на полный абонемент!" (директ)', NULL, NULL),
	(706, 1, 'Татьяна', '9196578887', 'Страница: "60% скидки на полный абонемент!" (директ)', NULL, NULL),
	(707, 2, 'Иванова Елизавета Андреевна', '+79876778429', 'Запись из расписания', NULL, NULL),
	(708, 1, 'Лариса Степанова', '89196634401', 'Страница: "Два годовых дневных абонемента по цене одного" (директ)', NULL, NULL),
	(709, 1, 'Татьяна', '89196659398', 'Страница: "60% скидки на полный абонемент!" (директ)', NULL, NULL),
	(710, 1, 'Валентина', '89613439555', 'Страница: "60% скидки на полный абонемент!" (директ)', NULL, NULL),
	(711, 1, 'Алена', '89053400860', 'Страница: "60% скидки на полный абонемент!" (директ)', NULL, NULL),
	(712, 1, 'Светлана', '89677928302', 'Страница: "Два годовых дневных абонемента по цене одного" (директ)', NULL, NULL),
	(713, 1, 'Мария', '89026633003', 'Страница: "60% скидки на полный абонемент!" (директ)', NULL, NULL),
	(714, 2, 'Вохмина Мария Сергеевна', '89026633003', 'Кнопка в верхнем меню', NULL, NULL),
	(715, 2, 'Калинина Татьяна Владимировна', '+79063819835', 'Кнопка в каталоге: Две годовых клубных карты по цене одной', NULL, NULL),
	(716, 1, 'Татьяна', '89196659398', 'Страница: "60% скидки на полный абонемент!" (директ)', NULL, NULL),
	(717, 1, 'наталия', '89530163329', 'Страница: "60% скидки на полный абонемент!" (директ)', NULL, NULL),
	(718, 1, 'Николаева Анжелика Александровна', '89674719060', 'Запись из расписания', NULL, NULL),
	(719, 1, 'Анжелика', '89674719060', 'Страница: "60% скидки на полный абонемент!" (директ)', NULL, NULL),
	(720, 1, 'Ольга', '89030647937', 'Страница: "60% скидки на полный абонемент!" (директ)', NULL, NULL),
	(721, 1, 'наталия ерко', '8953016332', 'Страница: "60% скидки на полный абонемент!" (директ)', NULL, NULL),
	(722, 1, 'Евгения', '89603107979', 'Страница: "60% скидки на полный абонемент!" (директ)', NULL, NULL),
	(723, 1, 'Татьяна Малякова', '89061330673', 'Страница: "60% скидки на полный абонемент!" (директ)', NULL, NULL),
	(724, 1, 'Марина', '89196654233', 'Страница: "60% скидки на полный абонемент!" (директ)', NULL, NULL),
	(725, 1, 'Мая', '89083091277', 'Страница: "Два годовых дневных абонемента по цене одного" (директ)', NULL, NULL),
	(726, 1, 'Степанова Евгения Григорьевна', '+79373839903', 'tanzevalnue napravlenia', NULL, NULL),
	(727, 1, 'Татьяна', '89176670097', 'Страница: "60% скидки на полный абонемент!" (директ)', NULL, NULL),
	(728, 1, 'Мустафина Анна', '+79278455050', 'Кнопка в верхнем меню', NULL, NULL),
	(729, 1, 'Дарья', '89603111098', 'Страница: "60% скидки на полный абонемент!" (директ)', NULL, NULL),
	(730, 1, 'Мария', '89170679214', 'Страница: "60% скидки на полный абонемент!" (директ)', NULL, NULL),
	(731, 1, 'Надежда', '89176534518', 'Страница: "60% скидки на полный абонемент!" (директ)', NULL, NULL),
	(732, 1, 'Андрей Дмитриевич', '89196581511', 'Страница: "60% скидки на полный абонемент!" (директ)', NULL, NULL),
	(733, 1, 'Ольга Николаевна', '89033465352', 'Страница: "60% скидки на полный абонемент!" (директ)', NULL, NULL),
	(734, 1, 'Петрова Татьяна Владимировна', '+79876719459', 'trenazhernyj zal', NULL, NULL),
	(735, 1, 'Ирина', '89196774551', 'Страница: "60% скидки на полный абонемент!" (директ)', NULL, NULL),
	(736, 1, 'Елена', '9278598261', 'Страница: "Два годовых дневных абонемента по цене одного" (директ)', NULL, NULL),
	(737, 2, 'Осипова Анастасия Павловна', '+79603146600', 'Кнопка в каталоге: Две годовых клубных карты по цене одной', NULL, NULL),
	(738, 1, 'Анастасия', '+79603146600', 'Страница: "60% скидки на полный абонемент!" (директ)', NULL, NULL),
	(739, 1, 'Олеся', '89196767060', 'Страница: "60% скидки на полный абонемент!" (директ)', NULL, NULL),
	(740, 1, 'Елена', '89871252765', 'Страница: "60% скидки на полный абонемент!" (директ)', NULL, NULL),
	(741, 1, 'Ольга', '89373955352', 'Страница: "60% скидки на полный абонемент!" (директ)', NULL, NULL),
	(742, 2, 'Мартынова Татьяна Анатольевна', '8987121872', 'Кнопка в каталоге: Две годовых клубных карты по цене одной', NULL, NULL),
	(743, 1, 'матросова', '670118', 'Запись из расписания', NULL, NULL),
	(744, 1, 'Анна', '89196691644', 'Страница: "60% скидки на полный абонемент!" (директ)', NULL, NULL),
	(745, 1, 'Людмила', '89033587936', 'Страница: "60% скидки на полный абонемент!" (директ)', NULL, NULL),
	(746, 1, 'Романов Кирилл Владимирович', '79373970457', 'Кнопка в верхнем меню', NULL, NULL),
	(747, 1, 'Жигунова Елена Игоревна', '+79176527374', 'Кнопка в каталоге: Годовая клубная карта ', NULL, NULL),
	(748, 2, 'Тимофеева Анастасия Валерьевна', '+79373936345', 'Кнопка в верхнем меню', NULL, NULL),
	(749, 1, '89170677791', 'Ларикова Инга', 'Страница: "60% скидки на полный абонемент!" (директ)', NULL, NULL),
	(750, 2, 'Ларикова Инга Сергеевна', '89170677791', 'Кнопка в верхнем меню', NULL, NULL),
	(751, 2, 'Иванова Анна Владимировна', '+79176603610', 'Кнопка в верхнем меню', NULL, NULL),
	(752, 1, 'Светлана', '89063849797', 'Страница: "60% скидки на полный абонемент!" (директ)', NULL, NULL),
	(753, 1, 'Екатерина', '89379584981', 'Страница: "60% скидки на полный абонемент!" (директ)', NULL, NULL),
	(754, 1, 'валентина', '+7(965) 680-25-71', 'Страница: "60% скидки на полный абонемент!" (директ)', NULL, NULL),
	(755, 1, 'Алимова Ольга Владиславовна', '+79276689751', 'Кнопка в каталоге: Клубная карта ', NULL, NULL),
	(756, 1, 'ГАЛИНА', '+79110375836', 'Страница: "60% скидки на полный абонемент!" (директ)', NULL, NULL),
	(757, 1, 'Лукина А.Ю.', '+79196568044', 'Кнопка в верхнем меню', NULL, NULL),
	(758, 1, 'Зоя', '8 927 855 20 34', 'Страница: "60% скидки на полный абонемент!" (директ)', NULL, NULL),
	(759, 2, 'Козырева Зоя Васильевна ', '8 927 855 20 34', 'Кнопка в верхнем меню', NULL, NULL),
	(760, 1, 'Петрова Ксения Владимировна ', '+79196777798', 'free', NULL, NULL),
	(761, 1, 'Мария', '89278521712', 'Страница: "60% скидки на полный абонемент!" (директ)', NULL, NULL),
	(762, 1, 'Мария', '89278521712', 'Страница: "60% скидки на полный абонемент!" (директ)', NULL, NULL),
	(763, 1, 'Михайлова Эльвира Сергеевна', '+79276660644', 'Кнопка в каталоге: Годовая карта тренажерного зала', NULL, NULL),
	(764, 2, 'Архипова Оксана Станиславовна', '+79603107235', 'Кнопка в верхнем меню', NULL, NULL),
	(765, 1, 'Александрова Татьяна Юрьевна', '79170668103', 'trenazhernyj zal', NULL, NULL),
	(766, 2, 'Павлова Ольга Вячеславовна', '+79176734165', 'аэробно-силовые направления', NULL, NULL),
	(767, 1, 'Надежда', '89373828009', 'Страница: "60% скидки на полный абонемент!" (директ)', NULL, NULL),
	(768, 1, 'Ксения', '89876638110', 'Страница: "60% скидки на полный абонемент!" (директ)', NULL, NULL),
	(769, 1, 'ефимова татьяна николаевна', '89278535097', 'Кнопка в верхнем меню', NULL, NULL),
	(770, 1, 'федорова алевтина юрьевна', '89176543121', 'Кнопка в верхнем меню', NULL, NULL),
	(771, 1, 'Матвеев Сергей Иванович', '+79176650367', 'Запись из расписания', NULL, NULL),
	(772, 1, 'Сергей', 'Матвеев', 'Страница: "60% скидки на полный абонемент!" (директ)', NULL, NULL),
	(773, 1, 'Айнур Евгений Владимирович', '+79023276415', 'new year', NULL, NULL),
	(774, 1, 'Хамзина Талия Жалиловна', '+79053139606', 'yogastudio', NULL, NULL),
	(775, 1, 'карама гульназ минзекиевна', '89613448806', 'trenazhernyj zal', NULL, NULL),
	(776, 2, 'Муравьева Наталия Александровна', '89176614738', 'Запись из расписания', NULL, NULL),
	(777, 1, 'Шашкова Наталья Валерьевна', '+79278493338', 'presonalka', NULL, NULL),
	(778, 2, 'Никифорова Анастасия Александровна', '+79373748916', 'Кнопка в верхнем меню', NULL, NULL),
	(779, 1, 'Наталия', '89278468080', 'Страница: "60% скидки на полный абонемент!" (директ)', NULL, NULL),
	(780, 2, 'Смирнова Наталия Ивановна', '+79278468080', 'Кнопка в верхнем меню', NULL, NULL),
	(781, 1, 'Жигунова Елена ', '+79176527374', 'Кнопка в каталоге: Годовая клубная карта ', NULL, NULL),
	(782, 1, 'николай', '961 3398839', 'Страница: "60% скидки на полный абонемент!" (директ)', NULL, NULL),
	(783, 1, 'наташа', '89875791815', 'Страница: "60% скидки на полный абонемент!" (директ)', NULL, NULL),
	(784, 2, 'Никифорова Анастасия Александровна', '+79373748916', 'Кнопка в верхнем меню', NULL, NULL),
	(785, 1, 'Любимова Наталия Михайловна', '89876611311', 'Кнопка в верхнем меню', NULL, NULL),
	(786, 1, 'Мария', '89600970873', 'Страница: "60% скидки на полный абонемент!" (директ)', NULL, NULL),
	(787, 1, 'Анастасия', '89176595853', 'Страница: "60% скидки на полный абонемент!" (директ)', NULL, NULL),
	(788, 2, 'Мидакова Елена Николаевна', '89088464744', 'free', NULL, NULL),
	(789, 2, 'Терентьева Татьяна Михайловна', '89876619559', 'Кнопка в верхнем меню', NULL, NULL),
	(790, 1, 'Павлова Е.Н.', '892786200006', 'Кнопка в верхнем меню', NULL, NULL),
	(791, 1, 'Степанова Снежана Ринатовна', '+79875778116', 'Кнопка в верхнем меню', NULL, NULL),
	(792, 1, 'Степанова Снежана Ринатовна', '+79875778116', 'Кнопка в верхнем меню', NULL, NULL),
	(793, 1, 'Анна', '+7 9278409138', 'Страница: "Фитнес тест-драйв в Цитрусе!" (директ)', NULL, NULL),
	(794, 1, 'Соколкова Ангелина Юрьевна', '+79876775247', 'Кнопка в верхнем меню', NULL, NULL),
	(795, 1, 'Карама Гульназ', '89613448806', 'Запись из расписания', NULL, NULL),
	(796, 2, 'Турхан Антонина Михайловна', '+79278519942', 'Кнопка в верхнем меню', NULL, NULL),
	(797, 1, 'Волкова Екатерина Станиславовна', '+79875763310', 'Запись из расписания', NULL, NULL),
	(798, 1, 'Федорова Анастасия Андреевна ', '79030630787', 'Кнопка в верхнем меню', NULL, NULL),
	(799, 1, 'Волкова Екатерина Станиславовна', '+79875763310', 'Кнопка в верхнем меню', NULL, NULL),
	(800, 1, 'Елена', '89196681749', 'Страница: "Фитнес тест-драйв в Цитрусе!" (директ)', NULL, NULL),
	(801, 1, 'Елена', '89196681749', 'Страница: "Фитнес тест-драйв в Цитрусе!" (директ)', NULL, NULL),
	(802, 1, 'виктория', '89196574886', 'Страница: "Два годовых дневных абонемента по цене одного" (директ)', NULL, NULL),
	(803, 1, 'Роза', '9876637832', 'Страница: "Фитнес тест-драйв в Цитрусе!" (директ)', NULL, NULL),
	(804, 1, 'Алена', '89370144345', 'Страница: "Фитнес тест-драйв в Цитрусе!" (директ)', NULL, NULL),
	(805, 1, 'светлана', '89030639955', 'Страница: "Фитнес тест-драйв в Цитрусе!" (директ)', NULL, NULL),
	(806, 1, 'ксения ', '89196773377', 'Страница: "Два годовых дневных абонемента по цене одного" (директ)', NULL, NULL),
	(807, 1, 'Елена', '89603090909', 'Страница: "Два годовых дневных абонемента по цене одного" (директ)', NULL, NULL),
	(808, 1, 'chibisova_lena@mail.ru', '89278421377', 'Страница: "Фитнес тест-драйв в Цитрусе!" (директ)', NULL, NULL),
	(809, 2, 'Чибисова Елена Николаевна', '89278421377', 'Запись из расписания', NULL, NULL),
	(810, 1, 'Олеся', '89033227838', 'Страница: "Фитнес тест-драйв в Цитрусе!" (директ)', NULL, NULL),
	(811, 1, 'алексеева ирина анатольевна', '89196656255', 'Кнопка в верхнем меню', NULL, NULL),
	(812, 1, 'Филиппова Наталья Сергеевна', '+79876761448', 'Кнопка в верхнем меню', NULL, NULL),
	(813, 1, 'Андреева Антонина Эдуардовна', '+79278497574', 'Кнопка в верхнем меню', NULL, NULL),
	(814, 1, 'Федорова Наталья Александровна', '+79176540494', 'Кнопка в верхнем меню', NULL, NULL),
	(815, 1, 'Караваева Ксения Петровна', '89063845549', 'Кнопка в верхнем меню', NULL, NULL),
	(816, 2, 'Гарамова Марина Георгиевна ', '89875785307', 'Запись из расписания', NULL, NULL),
	(817, 1, 'Хамзина Талия Жалиловна', '89677925962', 'Запись из расписания', NULL, NULL),
	(818, 1, 'Анастасия ', '89278522561', 'Страница: "Фитнес тест-драйв в Цитрусе!" (директ)', NULL, NULL),
	(819, 1, 'Мария', '89279916996', 'Страница: "Фитнес тест-драйв в Цитрусе!" (директ)', NULL, NULL),
	(820, 1, 'Анна', '79871228307', 'Страница: "Фитнес тест-драйв в Цитрусе!" (директ)', NULL, NULL),
	(821, 1, 'Юлия', '89033790909', 'Страница: "Фитнес тест-драйв в Цитрусе!" (директ)', NULL, NULL),
	(822, 1, 'Щербаков Илья Сергеевич ', '+79276669696', 'Кнопка в верхнем меню', NULL, NULL),
	(823, 1, 'Ольга', '8-937-390-64-18', 'Страница: "Фитнес тест-драйв в Цитрусе!" (директ)', NULL, NULL),
	(824, 1, 'Джафарова Заира Алиевна', '+79196773400', 'Кнопка в верхнем меню', NULL, NULL),
	(825, 1, 'Моисеева Марина Георгиевна', '9656863994 ', 'kardiozona', NULL, NULL),
	(826, 1, '89033596623', 'Людмила', 'Страница: "Фитнес тест-драйв в Цитрусе!" (директ)', NULL, NULL),
	(827, 1, 'Еремеев Алексей Геннадьевич', '+79176796673', 'Кнопка в верхнем меню', NULL, NULL),
	(828, 1, 'Сорокина Е.А.', '89373736232', 'free', NULL, NULL),
	(829, 1, 'новикова светлана григорьевна', '89520232358', 'Запись из расписания', NULL, NULL),
	(830, 1, 'Анастасия', '+79196540256', 'Страница: "Фитнес тест-драйв в Цитрусе!" (директ)', NULL, NULL),
	(831, 1, 'Краснов Роман Николаевич', '+79603012671', 'trenazhernyj zal', NULL, NULL),
	(832, 1, 'Екатерина', '89603035007', 'Страница: "Фитнес тест-драйв в Цитрусе!" (директ)', NULL, NULL),
	(833, 2, 'СИДОРОВА НАТАЛИЯ ИВАНОВНА', '89278505665', 'Кнопка в верхнем меню', NULL, NULL),
	(834, 1, 'Антонова Оксана Юрьевна', '8 927 666-41-50', 'Страница: "Фитнес тест-драйв в Цитрусе!" (директ)', NULL, NULL),
	(835, 1, 'Чермакова Мария Алексеевна', '89274601012', 'Кнопка в верхнем меню', NULL, NULL),
	(836, 1, 'Кочанова Анастасия Ильинична', '+79379551669', 'yogastudio', NULL, NULL),
	(837, 1, 'Белова Юлия Андреевна', '+79876758575', 'yogastudio', NULL, NULL),
	(838, 1, 'Даша', '89176689166', 'Страница: "Фитнес тест-драйв в Цитрусе!" (директ)', NULL, NULL),
	(839, 1, 'Даша', '89176689166', 'Страница: "Фитнес тест-драйв в Цитрусе!" (директ)', NULL, NULL),
	(840, 1, 'дарья', '89674715776', 'Страница: "Фитнес тест-драйв в Цитрусе!" (директ)', NULL, NULL),
	(841, 2, 'лаврентьева ольга геннадьевна', '89061328471', 'Кнопка в верхнем меню', NULL, NULL),
	(842, 1, 'Олеся', '89871251857', 'Страница: "Фитнес тест-драйв в Цитрусе!" (директ)', NULL, NULL),
	(843, 1, 'Олеся', '89871251857', 'Страница: "Фитнес тест-драйв в Цитрусе!" (директ)', NULL, NULL),
	(844, 1, 'наталья', '89176691646', 'Страница: "Фитнес тест-драйв в Цитрусе!" (директ)', NULL, NULL),
	(845, 1, 'косова мария александровна', '89603034571', 'trenazhernyj zal', NULL, NULL),
	(846, 1, 'Егорова Оксана Анатольевна', '89379400064', 'Кнопка в верхнем меню', NULL, NULL),
	(847, 1, 'Козлова Кристина Евгеньевна', '+79196609042', 'yogastudio', NULL, NULL),
	(848, 1, 'Яна', '89278565489', 'Страница: "Фитнес тест-драйв в Цитрусе!" (директ)', NULL, NULL),
	(849, 1, 'Казакова Анастасия Александровна', '+79373824410', 'Кнопка в верхнем меню', NULL, NULL),
	(850, 1, 'Валентинов Павел Львович', '9176660646', 'Запись из расписания', NULL, NULL),
	(851, 1, 'Закиров Рустам Валисович', '+79196748404', 'Запись из расписания', NULL, NULL),
	(852, 1, 'Валентинов Павел Львович', '9176660646', 'Кнопка в каталоге: Годовая карта тренажерного зала', NULL, NULL),
	(853, 1, 'Станкова Елена Олеговна', '89276674905', 'Кнопка в верхнем меню', NULL, NULL),
	(854, 1, 'Петрова Наталья Владимировна', '89613477347', 'Кнопка в верхнем меню', NULL, NULL),
	(855, 2, 'Федорова Лидия Николаевна', '+79877357823', 'Запись из расписания', NULL, NULL),
	(856, 1, 'Анастасия', '89053402785', 'Страница: "Фитнес тест-драйв в Цитрусе!" (директ)', NULL, NULL),
	(857, 2, 'Данилова Екатерина Владимировна', '+79373907626', 'Кнопка в верхнем меню', NULL, NULL),
	(858, 1, 'Фирстов Василий Владимирович ', '89063826677', 'Кнопка в верхнем меню', NULL, NULL),
	(859, 2, 'Павлова Ольга Валериановна', '+79876721595', 'Кнопка в верхнем меню', NULL, NULL),
	(860, 1, 'Куприянова Ольга Николаевна', '89871251586', 'Кнопка в верхнем меню', NULL, NULL),
	(861, 1, 'Андрейчук Татьяна Михайловна ', '89373865930', 'Кнопка в верхнем меню', NULL, NULL),
	(862, 1, 'Ольга', '9276687889', 'presonalka', NULL, NULL),
	(863, 1, 'куприянова ольга николаевна', '89871251586', 'Кнопка в верхнем меню', NULL, NULL),
	(864, 1, 'кирилл', '89876713330', 'Страница: "Два годовых дневных абонемента по цене одного" (директ)', NULL, NULL),
	(865, 1, 'Юлия', '89817198162', 'Страница: "Фитнес тест-драйв в Цитрусе!" (директ)', NULL, NULL),
	(866, 1, 'веселова юлия евгеньевна', '+79817198162', 'free', NULL, NULL),
	(867, 1, 'Анна', '89370149464', 'Страница: "Два годовых дневных абонемента по цене одного" (директ)', NULL, NULL),
	(868, 1, 'наташа', '89278497223', 'Страница: "Фитнес тест-драйв в Цитрусе!" (директ)', NULL, NULL),
	(869, 2, 'Тырлакова Кристина Юрьевна', '+79877352669', 'аэробно-силовые направления', NULL, NULL),
	(870, 1, 'Алексеева Людмила Александровна ', '+79221151156', 'Запись из расписания', NULL, NULL),
	(871, 1, 'Лана', '89603042289', 'Страница: "Фитнес тест-драйв в Цитрусе!" (директ)', NULL, NULL),
	(872, 1, 'Ерофеева Светлана Юрьевна', '+79603042289', 'Кнопка в верхнем меню', NULL, NULL),
	(873, 1, 'Ерофеева Светлана Юрьевна', '+79603042289', 'yogastudio', NULL, NULL),
	(874, 1, 'Надя', '89196681952', 'Страница: "Фитнес тест-драйв в Цитрусе!" (директ)', NULL, NULL),
	(875, 2, 'коновалова олеся александровна', '+79871251857', 'Кнопка в верхнем меню', NULL, NULL),
	(876, 2, 'никандрова светлана валерьевна', '+79875775985', 'Кнопка в верхнем меню', NULL, NULL),
	(877, 1, 'Татьяна', '89063834253', 'Страница: "Два годовых дневных абонемента по цене одного" (директ)', NULL, NULL),
	(878, 1, 'Ермолаева Анна Анатольевна', '+79876645969', 'Кнопка в верхнем меню', NULL, NULL),
	(879, 1, 'Татьяна', '89278488070', 'Страница: "Фитнес тест-драйв в Цитрусе!" (директ)', NULL, NULL),
	(880, 1, 'Татьяна', '8 927 852 57 94', 'Страница: "Фитнес тест-драйв в Цитрусе!" (директ)', NULL, NULL),
	(881, 2, 'Бесчётнова Оксана Владимировна', '89176677534', 'Кнопка в верхнем меню', NULL, NULL),
	(882, 2, 'Петрова Ольга Викторовна', '89373907656', 'Кнопка в верхнем меню', NULL, NULL),
	(883, 1, 'Анастасия', '8 908 3000 511', 'Страница: "Фитнес тест-драйв в Цитрусе!" (директ)', NULL, NULL),
	(884, 1, 'Светлана', '89196650033', 'Страница: "Два годовых дневных абонемента по цене одного" (директ)', NULL, NULL),
	(885, 1, 'Шуркин Максим Вадимович', '+79083006235', 'Кнопка в каталоге: Годовая клубная карта ', NULL, NULL),
	(886, 1, 'Надежда', '89875776973', 'Страница: "Фитнес тест-драйв в Цитрусе!" (директ)', NULL, NULL),
	(887, 1, 'Катрамова Кристина Андреевна', '79276694165', 'Кнопка в верхнем меню', NULL, NULL),
	(888, 1, 'Анна', '89876661974', 'Страница: "Фитнес тест-драйв в Цитрусе!" (директ)', NULL, NULL),
	(889, 2, 'Петрова Неля', '+79373891739', 'Кнопка в верхнем меню', NULL, NULL),
	(890, 1, 'Никифорова Светлана Ивановна', '9063849797', 'Кнопка в каталоге: Дарим вторую клубную карту!', NULL, NULL),
	(891, 1, 'Захаров Роман Владимирович', '+79603039033', 'Кнопка в верхнем меню', NULL, NULL),
	(892, 2, 'Чибисова Елена Николаевна', '89278421377', 'Запись из расписания', NULL, NULL),
	(893, 1, 'Волкова Екатерина Алексеевна', '89196579265', 'Кнопка в каталоге: Годовая клубная карта ', NULL, NULL),
	(894, 1, 'Афанасьев Александр Валентинович', '+79371144095', 'free', NULL, NULL),
	(895, 1, 'васильев денис вячеславович', '89196576344', 'Кнопка в верхнем меню', NULL, NULL),
	(896, 1, 'харитонова юлия федоровна', '89871238780', 'Кнопка в верхнем меню', NULL, NULL),
	(897, 1, 'Екатерина', '89373762079', 'Страница: "Фитнес тест-драйв в Цитрусе!" (директ)', NULL, NULL),
	(898, 1, 'Соколкова Ангелина ', '+79876775247', 'Кнопка в верхнем меню', NULL, NULL),
	(899, 1, 'Иванова Юлия Вениаминовна', '+79176771192', 'Запись из расписания', NULL, NULL),
	(900, 1, 'Васильева наиля', '9033598417', 'Кнопка в верхнем меню', NULL, NULL),
	(901, 1, 'Ксения', '89063813811', 'Страница: "Фитнес тест-драйв в Цитрусе!" (директ)', NULL, NULL),
	(902, 1, 'Ксюша', '89196765162', 'Страница: "Фитнес тест-драйв в Цитрусе!" (директ)', NULL, NULL),
	(903, 1, 'Герасимова Ксения Александровна', '+79063813811', 'Кнопка в каталоге: Годовая карта тренажерного зала', NULL, NULL),
	(904, 1, 'Нокина Наталья Петровна', '+79176663100', 'Кнопка в каталоге: Годовая клубная карта ', NULL, NULL),
	(905, 2, 'Яковлева Кристина Сергеевна', '+79871260395', 'Кнопка в верхнем меню', NULL, NULL),
	(906, 2, 'Артамонова Екатерина Валерьевна ', '9196587877', 'Запись из расписания', NULL, NULL),
	(907, 2, 'драндрова Елена Валерьевна', '89278695656', 'Кнопка в верхнем меню', NULL, NULL),
	(908, 2, 'драндрова Елена Валерьевна', '89278695656', 'Кнопка в верхнем меню', NULL, NULL),
	(909, 1, 'Дарья', '89033452265', 'Страница: "Фитнес тест-драйв в Цитрусе!" (директ)', NULL, NULL),
	(910, 1, 'Александрова Екатерина Андреевна', '89196537435', 'free', NULL, NULL),
	(911, 2, 'Драндрова Елена Валерьевна', '89278695656', 'Кнопка в верхнем меню', NULL, NULL),
	(912, 2, 'Драндрова Оксана Вячеславовна', '89373862909', 'Кнопка в верхнем меню', NULL, NULL),
	(913, 1, 'Портнова Альвина Алексеевна', '9196639745', 'Кнопка в каталоге: Дарим вторую клубную карту!', NULL, NULL),
	(914, 1, 'Савельева Ольга Сергеевна', '+79871292937', 'Кнопка в верхнем меню', NULL, NULL),
	(915, 1, 'Наталья', '89196575209', 'Страница: "Фитнес тест-драйв в Цитрусе!" (директ)', NULL, NULL),
	(916, 1, 'Иванов С.Б.', '+79603038000', 'Кнопка в верхнем меню', NULL, NULL),
	(917, 1, 'елена', '89003346969', 'Страница: "Фитнес тест-драйв в Цитрусе!" (директ)', NULL, NULL),
	(918, 1, 'Дарья', '89053459876', 'Страница: "Фитнес тест-драйв в Цитрусе!" (директ)', NULL, NULL),
	(919, 1, 'Терсенидис Надежда Никодимовна', '+79196637581', 'Кнопка в верхнем меню', NULL, NULL),
	(920, 2, 'Титова Ирина Владимировна', '+79278413817', 'Запись из расписания', NULL, NULL),
	(921, 1, 'галина смелова', '89176534197', 'Страница: "Два годовых дневных абонемента по цене одного" (директ)', NULL, NULL),
	(922, 1, 'Павлов Иван Игоревич', '+79613466605', 'Кнопка в верхнем меню', NULL, NULL),
	(923, 1, 'Артюшкин Андрей Вячеславович', '+79176603183', 'Кнопка в каталоге: Годовая клубная карта ', NULL, NULL),
	(924, 3, 'Сорокина Юлия Сергеевна ', '89278581717', 'Кнопка в верхнем меню', NULL, NULL),
	(925, 2, 'Ильина Елизавета Владиславовна ', '89373770127', 'аэробно-силовые направления', NULL, NULL),
	(926, 2, 'Ильина Елизавета Владиславовна ', '89373770127', 'silovye napravlenia', NULL, NULL),
	(927, 2, 'Ильина Елизавета Владиславовна ', '89373770127', 'silovye napravlenia', NULL, NULL),
	(928, 1, 'Евсикова Екатерина Дмитриевна ', '89603060924', 'Кнопка в верхнем меню', NULL, NULL),
	(929, 1, 'Анна', '89373701251', 'Страница: "Фитнес тест-драйв в Цитрусе!" (директ)', NULL, NULL),
	(930, 2, 'Малюшкина Лариса Геннадьевна', '461120', 'Кнопка в верхнем меню', NULL, NULL),
	(931, 1, 'Анастасия', '89196641114', 'Страница: "Фитнес тест-драйв в Цитрусе!" (директ)', NULL, NULL),
	(932, 1, 'елена', '89176638201', 'Страница: "Фитнес тест-драйв в Цитрусе!" (директ)', NULL, NULL),
	(933, 1, 'александр', '89373727989', 'Кнопка в каталоге: Годовая карта тренажерного зала', NULL, NULL),
	(934, 1, 'Иванова Марина Валерьевна ', '89083099905', 'Кнопка в верхнем меню', NULL, NULL),
	(935, 1, 'Константинова Наталька Радиевна ', '89176742888', 'Кнопка в верхнем меню', NULL, NULL),
	(936, 2, 'Дмитриева Марина Сергеевна', '9613439220', 'Кнопка в верхнем меню', NULL, NULL),
	(937, 2, 'Иванова Дарья Алексеевна', '89196553101', 'Кнопка в верхнем меню', NULL, NULL),
	(938, 1, 'Галина', '89063818936', 'Страница: "Два годовых дневных абонемента по цене одного" (директ)', NULL, NULL),
	(939, 1, 'Павлова Виктория Владиславовна', '+79061327464', 'Запись из расписания', NULL, NULL),
	(940, 2, 'АНДРЕЕВА АВГУСТИНА ГЕННАДЬЕВНА', '79373856099', 'Кнопка в верхнем меню', NULL, NULL),
	(941, 2, 'Мастаченко Ольга Владимировна', '8 927 845 8138 ', 'Кнопка в верхнем меню', NULL, NULL),
	(942, 2, 'Бирюкова Елена Ивановна', '89278547609', 'Запись из расписания', NULL, NULL),
	(943, 1, 'Павлова Виктория Владиславовна', '+79061327464', 'Кнопка в верхнем меню', NULL, NULL),
	(944, 1, 'Петрова Татьяна', '89373877949', 'tanzevalnue napravlenia', NULL, NULL),
	(945, 1, 'НАТАЛЬЯ', '8 917 658-94-78', 'Страница: "Фитнес тест-драйв в Цитрусе!" (директ)', NULL, NULL),
	(946, 1, 'Алена', '89176765719', 'Страница: "Фитнес тест-драйв в Цитрусе!" (директ)', NULL, NULL),
	(947, 2, 'Морина Елена Александровна', '+79176765719', 'Кнопка в верхнем меню', NULL, NULL),
	(948, 1, 'Юлия', '89603094639', 'Страница: "Фитнес тест-драйв в Цитрусе!" (директ)', NULL, NULL),
	(949, 1, 'Синягина Ксения', '+70656819880', 'Кнопка в верхнем меню', NULL, NULL),
	(950, 1, 'Людмила', '89875778632', 'Страница: "Фитнес тест-драйв в Цитрусе!" (директ)', NULL, NULL),
	(951, 1, 'Иванова Марина Валерьевна', '+79083099905', 'Кнопка в верхнем меню', NULL, NULL),
	(952, 1, 'Данилов Виктор Александрович', '+79176583323', 'trenazhernyj zal', NULL, NULL),
	(953, 1, 'Софронова Екатерина Юрьевна', '+79877378909', 'presonalka', NULL, NULL),
	(954, 1, 'Дужникова Елена Николаевна', '9026613727', 'free', NULL, NULL),
	(955, 1, 'Андреева Татьяна Владиславовна', '+79063834253', 'Кнопка в верхнем меню', NULL, NULL),
	(956, 1, 'Белякова Кристина Владимировна', '+79674729552', 'Кнопка в верхнем меню', NULL, NULL);
/*!40000 ALTER TABLE `form_requests` ENABLE KEYS */;


-- Дамп структуры для таблица v3.citrusfit.gallery_albums
DROP TABLE IF EXISTS `gallery_albums`;
CREATE TABLE IF NOT EXISTS `gallery_albums` (
  `id` int(11) NOT NULL AUTO_INCREMENT,
  `title` varchar(300) NOT NULL,
  `description` varchar(300) DEFAULT NULL,
  `created_ip` varchar(300) DEFAULT NULL,
  `created_date` datetime DEFAULT NULL,
  `created_user` int(11) DEFAULT NULL,
  `created_username` varchar(200) NOT NULL,
  `modified_ip` varchar(300) DEFAULT NULL,
  `modified_date` datetime DEFAULT NULL,
  `modified_user` int(11) DEFAULT NULL,
  `modified_username` varchar(300) NOT NULL,
  `active` tinyint(1) NOT NULL DEFAULT '1',
  PRIMARY KEY (`id`)
) ENGINE=InnoDB AUTO_INCREMENT=5 DEFAULT CHARSET=utf8;

-- Дамп данных таблицы v3.citrusfit.gallery_albums: ~4 rows (приблизительно)
DELETE FROM `gallery_albums`;
/*!40000 ALTER TABLE `gallery_albums` DISABLE KEYS */;
INSERT INTO `gallery_albums` (`id`, `title`, `description`, `created_ip`, `created_date`, `created_user`, `created_username`, `modified_ip`, `modified_date`, `modified_user`, `modified_username`, `active`) VALUES
	(1, 'Клуб ЮЗР', '', NULL, NULL, NULL, '', NULL, NULL, NULL, '', 1),
	(2, 'Клуб СЗР', '', NULL, NULL, NULL, '', NULL, NULL, NULL, '', 1),
	(3, 'Франшиза', '', NULL, NULL, NULL, '', NULL, NULL, NULL, '', 1),
	(4, 'Персоналки', '', NULL, NULL, NULL, '', NULL, NULL, NULL, '', 1);
/*!40000 ALTER TABLE `gallery_albums` ENABLE KEYS */;


-- Дамп структуры для таблица v3.citrusfit.gallery_photos
DROP TABLE IF EXISTS `gallery_photos`;
CREATE TABLE IF NOT EXISTS `gallery_photos` (
  `id` int(11) NOT NULL AUTO_INCREMENT,
  `album_id` int(11) NOT NULL,
  `image` varchar(200) NOT NULL,
  `image_attr_title` varchar(300) DEFAULT NULL,
  `image_attr_alt` varchar(300) DEFAULT NULL,
  `title` varchar(300) DEFAULT NULL,
  `description` varchar(1024) DEFAULT NULL,
  `tags` varchar(300) DEFAULT NULL,
  `nn` int(11) DEFAULT NULL,
  `created_ip` varchar(300) DEFAULT NULL,
  `created_date` datetime DEFAULT NULL,
  `created_user` int(11) DEFAULT NULL,
  `created_username` varchar(200) NOT NULL,
  `modified_ip` varchar(300) DEFAULT NULL,
  `modified_date` datetime DEFAULT NULL,
  `modified_user` int(11) DEFAULT NULL,
  `modified_username` varchar(300) NOT NULL,
  `active` tinyint(1) NOT NULL DEFAULT '1',
  PRIMARY KEY (`id`),
  KEY `gallery_photos_FK1` (`album_id`),
  CONSTRAINT `gallery_photos_FK1` FOREIGN KEY (`album_id`) REFERENCES `gallery_albums` (`id`)
) ENGINE=InnoDB AUTO_INCREMENT=30 DEFAULT CHARSET=utf8;

-- Дамп данных таблицы v3.citrusfit.gallery_photos: ~27 rows (приблизительно)
DELETE FROM `gallery_photos`;
/*!40000 ALTER TABLE `gallery_photos` DISABLE KEYS */;
INSERT INTO `gallery_photos` (`id`, `album_id`, `image`, `image_attr_title`, `image_attr_alt`, `title`, `description`, `tags`, `nn`, `created_ip`, `created_date`, `created_user`, `created_username`, `modified_ip`, `modified_date`, `modified_user`, `modified_username`, `active`) VALUES
	(1, 1, 'photo_13928756373279.JPG', '', '', 'Байконур ', '', 'байконур,ресепшн', NULL, NULL, NULL, NULL, '', NULL, NULL, NULL, '', 1),
	(2, 1, 'photo_13928753862913.JPG', '', '', 'Байконур ', '', 'байконур', NULL, NULL, NULL, NULL, '', NULL, NULL, NULL, '', 1),
	(3, 1, 'photo_13928757689602.JPG', '', '', 'Байконур ', '', 'байконур', NULL, NULL, NULL, NULL, '', NULL, NULL, NULL, '', 1),
	(4, 1, 'photo_13928758031266.JPG', '', '', 'Байконур ', '', 'байконур', NULL, NULL, NULL, NULL, '', NULL, NULL, NULL, '', 1),
	(5, 1, 'photo_13928758205593.JPG', '', '', 'Байконур', '', 'байконур', NULL, NULL, NULL, NULL, '', NULL, NULL, NULL, '', 1),
	(8, 2, 'photo_13960050837640.jpg', '', '', 'Цитрус СЗР. Кардиозона.', '', '', NULL, NULL, NULL, NULL, '', NULL, NULL, NULL, '', 1),
	(9, 2, 'photo_13960051726008.jpg', '', '', 'Цитрус СЗР. Тренажерный зал.', '', '', NULL, NULL, NULL, NULL, '', NULL, NULL, NULL, '', 1),
	(10, 2, 'photo_13960052012587.jpg', '', '', 'Цитрус СЗР. Тренажерный зал.', '', '', NULL, NULL, NULL, NULL, '', NULL, NULL, NULL, '', 1),
	(11, 2, 'photo_13960052167174.jpg', '', '', 'Цитрус СЗР. Тренажерный зал.', '', '', NULL, NULL, NULL, NULL, '', NULL, NULL, NULL, '', 1),
	(12, 3, 'photo_13962500487471.jpg', '', '', 'Готовый проект', '', 'project', NULL, NULL, NULL, NULL, '', NULL, NULL, NULL, '', 1),
	(13, 3, 'photo_13962500706016.jpg', '', '', 'Готовый проект', '', 'project', NULL, NULL, NULL, NULL, '', NULL, NULL, NULL, '', 1),
	(14, 3, 'photo_13962500915295.jpg', '', '', 'Готовый проект', '', 'project', NULL, NULL, NULL, NULL, '', NULL, NULL, NULL, '', 1),
	(15, 3, 'photo_13962535832264.png', '', '', 'Единая система автоматизации и учета', '', 'crm', NULL, NULL, NULL, NULL, '', NULL, NULL, NULL, '', 1),
	(16, 3, 'photo_13962502346227.jpg', '', '', 'Дизайн и фирменный стиль', '', 'design', NULL, NULL, NULL, NULL, '', NULL, NULL, NULL, '', 1),
	(17, 3, 'photo_13962502591967.jpg', '', '', 'Обучение', '', 'study', NULL, NULL, NULL, NULL, '', NULL, NULL, NULL, '', 1),
	(18, 3, 'photo_13962502813302.jpg', '', '', 'Обучение', '', 'study', NULL, NULL, NULL, NULL, '', NULL, NULL, NULL, '', 1),
	(19, 3, 'photo_13962504871480.jpg', '', '', 'Все необходимое оборудование', '', 'equipment', NULL, NULL, NULL, NULL, '', NULL, NULL, NULL, '', 1),
	(20, 3, 'photo_13962505041244.jpg', '', '', 'Все необходимое оборудование', '', 'equipment', NULL, NULL, NULL, NULL, '', NULL, NULL, NULL, '', 1),
	(21, 3, 'photo_13962505298367.png', '', '', 'Сайт и мобильное приложение', '', 'site', NULL, NULL, NULL, NULL, '', NULL, NULL, NULL, '', 1),
	(22, 1, 'photo_13968717864132.JPG', '', '', 'Байконур ', '', 'байконур', NULL, NULL, NULL, NULL, '', NULL, NULL, NULL, '', 1),
	(23, 1, 'photo_13968718019081.JPG', '', '', 'Байконур', '', 'байконур', NULL, NULL, NULL, NULL, '', NULL, NULL, NULL, '', 1),
	(24, 1, 'photo_13968718176523.JPG', '', '', 'Байконур ', '', 'байконур', NULL, NULL, NULL, NULL, '', NULL, NULL, NULL, '', 1),
	(25, 4, 'photo_14079064829133.jpg', '', '', 'Персональные занятия 1', '', '', NULL, NULL, NULL, NULL, '', NULL, NULL, NULL, '', 1),
	(26, 4, 'photo_14079064963847.jpg', '', '', 'Персональные занятия 2', '', '', NULL, NULL, NULL, NULL, '', NULL, NULL, NULL, '', 1),
	(27, 4, 'photo_14079065132880.jpg', '', '', 'Персональные занятия 3', '', '', NULL, NULL, NULL, NULL, '', NULL, NULL, NULL, '', 1),
	(28, 4, 'photo_14079065272445.jpg', '', '', 'Персональные занятия 4', '', '', NULL, NULL, NULL, NULL, '', NULL, NULL, NULL, '', 1),
	(29, 4, 'photo_14079065452483.jpg', '', '', 'Персональные занятия 5', '', '', NULL, NULL, NULL, NULL, '', NULL, NULL, NULL, '', 1);
/*!40000 ALTER TABLE `gallery_photos` ENABLE KEYS */;


-- Дамп структуры для таблица v3.citrusfit.instructor_items
DROP TABLE IF EXISTS `instructor_items`;
CREATE TABLE IF NOT EXISTS `instructor_items` (
  `id` int(11) NOT NULL AUTO_INCREMENT,
  `fio` varchar(300) NOT NULL,
  `image` varchar(200) NOT NULL,
  `annotation` varchar(500) NOT NULL,
  `body` mediumtext NOT NULL,
  `clubs` varchar(100) DEFAULT NULL,
  `tags` varchar(300) DEFAULT NULL,
  `meta_index` tinyint(1) NOT NULL DEFAULT '1',
  `meta_title` varchar(300) DEFAULT NULL,
  `meta_keywords` varchar(500) DEFAULT NULL,
  `meta_description` varchar(500) DEFAULT NULL,
  `created_ip` varchar(300) DEFAULT NULL,
  `created_date` datetime DEFAULT NULL,
  `created_user` int(11) DEFAULT NULL,
  `created_username` varchar(200) NOT NULL,
  `modified_ip` varchar(300) DEFAULT NULL,
  `modified_date` datetime DEFAULT NULL,
  `modified_user` int(11) DEFAULT NULL,
  `modified_username` varchar(300) NOT NULL,
  `active` tinyint(1) NOT NULL DEFAULT '1',
  PRIMARY KEY (`id`)
) ENGINE=InnoDB AUTO_INCREMENT=15 DEFAULT CHARSET=utf8;

-- Дамп данных таблицы v3.citrusfit.instructor_items: ~12 rows (приблизительно)
DELETE FROM `instructor_items`;
/*!40000 ALTER TABLE `instructor_items` DISABLE KEYS */;
INSERT INTO `instructor_items` (`id`, `fio`, `image`, `annotation`, `body`, `clubs`, `tags`, `meta_index`, `meta_title`, `meta_keywords`, `meta_description`, `created_ip`, `created_date`, `created_user`, `created_username`, `modified_ip`, `modified_date`, `modified_user`, `modified_username`, `active`) VALUES
	(3, 'Аверкиева Мария', 'instructor_1395746532.jpg', 'Инструктор групповых направлений', '<p><strong>Образование:</strong> высшее, ЧГУ им. Ульянова, экономический факультет. Сертифицированный инструктор НОУ "Академия традиционных систем оздоровления и развития человека" по направлению "Классическая йога. Хатха йога".</p>\r\n<p><strong>Работа:</strong> с 2013 г. фитнес-клуб "Цитрус", с 2012 г. студия йоги "Практика".</p>\r\n<p><strong>Личные достижения:</strong> участница семинаров "Йога 23, йога 23 fit", "Чакральная система", "йога, психология парных отношений".</p>\r\n<p><strong>Направления работы:</strong> йога, йога для лица, калланетика.</p>', NULL, 'joga,group,averkieva_maria', 1, '', '', '', NULL, NULL, NULL, '', NULL, NULL, NULL, '', 1),
	(4, 'Анастасия Полубарьева', 'instructor_1395746792.jpg', 'Инструктор тренажерного зала, групповых направлений, детский фитнес', '<p><strong>Образование:</strong> ЧГПУ им. Яковлева, Сертифицированый инструктор тренажерного зала Сертифицированный инструктор групповых программ; Сертифицированный инструктор детских направлений.</p>\r\n<p><strong>Направления работы:</strong> Body Tonic Pilates, Инструктор тренажерного зала, Инструктор детских направлений</p>', NULL, 'group,joga,anastasia_polubarieva', 1, '', '', '', NULL, NULL, NULL, '', NULL, NULL, NULL, '', 1),
	(5, 'Андрей Гладышев', 'instructor_1395746978.jpg', 'Инструктор тренажерного зала', '<p><strong>Образование:</strong> высшее педагогическое. Тренер по Киокушинкай каратэ (коричневый пояс) с 1991 по 1996г. Золотой значок ГТО, Первый юношеский разряд по тяжелой атлетике. Киокушинкай каратэ (коричневый пояс).</p>\r\n<p><strong>Участие в соревнованиях:</strong> по легкой атлетике (кросс). По тяжелой атлетике. По каратэ, кикбоксингу.</p>', NULL, 'trenazherniy,andrey_gladyshev', 1, '', '', '', NULL, NULL, NULL, '', NULL, NULL, NULL, '', 1),
	(6, 'Данил Дергачев', 'instructor_1395832748.jpg', 'Инструктор тренажерного зала', '<p><strong>Образование:</strong> высшее, обучение инструкторной деятельности (г.Казань, "Планета фитнес").</p>\r\n<p><strong>Стаж и место работы:</strong> ФК Цитрус 2010-2013, ИКС-ФИТ 2011-2012.</p>\r\n<p><strong>Направление работы:</strong> Повышение мотивации при занятиях фитнесом благодаря индивидуальному сопровождению</p>\r\n<p>Обеспечение высокой эффективности и максимальной пользы тренировок благодаря индивидуальному подходу к тренировочному процессу</p>', NULL, 'trenazherniy,danil-dergachev', 1, '', '', '', NULL, NULL, NULL, '', NULL, NULL, NULL, '', 1),
	(7, 'Дмитрий Скворцов', 'instructor_1395832863.jpg', 'Инструктор тренажерного зала', '<p>Имеется медицинское образование,</p>\r\n<p>сертификат "Принципы жиросжигания и гипертрофии" 29.06.2013 Дмитрий Яшанькин.</p>\r\n<p>сертификат "высокоинтенсивный тренинг в тренажёрном зале" WellFitnes.</p>\r\n<p>сертификат "функциональный тренинг в тренажёрном зале" WellFitnes.</p>\r\n<p></p>\r\n<p>1-ый разряд по классическому пауэрлифтингу,</p>\r\n<p>Чемпион Чувашии по классическому пауэрлифтингу,</p>\r\n<p>многократный призёр в силовом троеборье со штангой и классическому жиму лёжа,</p>\r\n<p></p>\r\n<p>Проводит тренировки по фитнесу (анаэробного, высокоинтенсивного, аэробного, кардио, интервального, многофункционального) характера и классическому пауэрлифтингу персонально.</p>', NULL, 'trenazherniy,dmitriy_skvorcov', 1, '', '', '', NULL, NULL, NULL, '', NULL, NULL, NULL, '', 1),
	(8, 'Илларионов Денис', '', 'Инструктор тренажерного зала', '<p><strong>Образование:</strong> неоконченное высшее СПбГИЭУ ИЖЭКОН</p>\r\n<p><strong>Работа:</strong> Египет, Шарм-Эль-Шейх 01.06.2011-14.10.2011; Фитнес клуб Мэтро 01.07.2013-01.09.2013;</p>\r\n<p><strong>Направление работы:</strong> Инструктор тренажерного зала, персональный тренер</p>', NULL, 'trenazherniy,illarionov_denis', 1, '', '', '', NULL, NULL, NULL, '', NULL, NULL, NULL, '', 1),
	(9, 'Коркин Кирилл', 'instructor_1395833072.jpg', 'Инструктор тренажерного зала', '<p><strong>Образование:</strong> Высшее. &laquo;Уральский федеральный университе имени первого Президента России Б.Н. Ельцина&raquo; (УрФУ) г. Екатеринбург 2006-2013г.г.</p>\r\n<p><strong>Квалификация:</strong> Специалист по физической культуре и спорту по специальности &laquo;Двигательная рекреация в основе фитнеса&raquo;</p>\r\n<p>Сертифицированный инструктор &laquo;Frech Fitness Academy&raquo;</p>\r\n<p>Сертифицированный инструктор по CrossFit &laquo;CrossFit Trainer Level 1&raquo;</p>\r\n<p><strong>Работа:</strong> Фитнес центр "Frech Fitness" Екатеринбург, 2006&ndash;2007 - Персональный тренер "Уральский центр кинезиотерапии" Екатеринбург, 2007&ndash;2012 - инструктор-реабилитолог Фитнес центр "Extreme Fitness Athletics" Екатеринбург, 2007&ndash;2009 - Персональный тренер Wellness-клуб "Тихвинъ" Екатеринбург, 2009&ndash;2013 - Персональный тренер Фитнес центр "Цитрус" Чебоксары, с 2013 г. - Персональный тренер</p>\r\n<p><strong>Личные достижения:</strong> КМС (Кандидат в мастера спорта) по мини футболу. Многократный чемпион России по мини-футболу. Многократный призер чемпионатов по CrossFit.</p>\r\n<p><strong>Направления работы:</strong> CrossFit Силовые тренировки, Функциональный тренинг, Кинезиотерапия (реабилитация)</p>', NULL, 'trenazherniy,korkin_kirill', 1, '', '', '', NULL, NULL, NULL, '', NULL, NULL, NULL, '', 1),
	(10, 'Ласковенков Александр', 'instructor_1395833163.jpg', 'Инструктор по йоге', '<p>Сертификационный треннинг FPA (Ассоциация профессионалов фитнеса). &laquo;Инструктор тренажерного зала&raquo;.</p>\r\n<p>Сертификат Академии фитнеса &laquo;Персонального тренера тренажерного зала&raquo;.</p>\r\n<p>Сертификат академии Wellness &ldquo;Инструктор по Хатха-йога&rdquo;.</p>\r\n<p>Сертификационные треннинги по Yoga 23, Хатха - йоге, йоге &mdash; Айенгара.</p>\r\n<p><strong>Работа по направлениям:</strong> Персональные тренировки по йоге, Персональные тренировки в тренажерном зале, Групповые тренировки по йоге, Проведение мастер-классов.</p>', NULL, 'group,joga,laskovenkov_aleksandr', 1, '', '', '', NULL, NULL, NULL, '', NULL, NULL, NULL, '', 1),
	(11, 'Морозова Ксения', 'instructor_1395833270.jpg', 'Инструктор групповых и танцевальных направлений, Персональный тренер\r\n', '<p><strong>Образование:</strong> ННГУ им.Лобачевского</p>\r\n<p>Член Федерации Фитнес Аэробики России,</p>\r\n<p>инструктор по класической аэробики, и силовым направлениям;</p>\r\n<p>Сертифицированный тренер по стрип-пластике; Сертифицированный тренер по стретчингу;</p>\r\n<p>Школа восточного танца &laquo;Аиша&raquo; по направлению Афро Джаз;</p>\r\n<p>Сертифицированный тренер по детскому фитнесу;</p>\r\n<p></p>\r\n<p><strong>Работа:</strong> С 2008 года инструктор групповых программ и персональный тренер.</p>\r\n<p><strong>Личные достижения:</strong> Опыт работы тренером 5 лет; Профессиональный танцор (стаж более 15 лет); Постоянный участник международных и региональных конвенций и мастер-классов по фитнесу;</p>\r\n<p><strong>Направления работы:</strong> Аэробика, степ, Стретчинг, Танцевальные, силовые , Функциональные направления</p>', NULL, 'group,dance,morozova_kseniya', 1, '', '', '', NULL, NULL, NULL, '', NULL, NULL, NULL, '', 1),
	(12, 'Павел Совин', 'instructor_1395833361.jpg', 'Инструктор тренажерного зала', '<p><strong>Образование:</strong> высшее (ЧГУ им. Ульянова), курсы персонального тренера (академия фитнеса, Казань)</p>\r\n<p><strong>Работа:</strong> ФК Цитрус - с 2011 года</p>\r\n<p><strong>Личные достижения:</strong> 1 взр. Бокс</p>\r\n<p><strong>Направление работы:</strong> коррекция фигуры, снижение веса, улучшение общей физической подготовки клиента.</p>', NULL, 'trenazherniy,pavel_sovin', 1, '', '', '', NULL, NULL, NULL, '', NULL, NULL, NULL, '', 1),
	(13, 'Токсубаева Татьяна', 'instructor_1395833459.jpg', 'Инструктор групповых программ, персональный тренер\r\n', '<p>Сертифицированный инструктор образовательного центра &laquo;Академия Фитнеса&raquo; по пост-изометрической релаксации СТРЕТЧИНГ с 2012 г</p>\r\n<p>Сертифицированный инструктор Академии Wellnes, совместно с ассоциацией спортивной аэробики России (АСАР) по Тай-бо и методике проведения групповых занятий с 2011 г.</p>\r\n<p><strong>Работа:</strong> с 2009 г. инструктор групповых программ. С 2013 г. персональный тренер</p>\r\n<p><strong>Направления работы:</strong> Аэробика, Тай-бо, Боди-Фит, Боди-Рок, Стретчинг, Функционал.</p>', NULL, 'group,tatiana_toksubaeva', 1, '', '', '', NULL, NULL, NULL, '', NULL, NULL, NULL, '', 1),
	(14, 'Матвеева Дарья', 'instructor_1400253699.jpg', 'Инструктор групповых направлений', '<p>Матвеева Дарья Юрьевна</p>\r\n<p>Инстуктор групповых направлений по&nbsp; Body Ballet и Stretching<br />Персональный тренер&nbsp;</p>\r\n<p><br />В 2007 году она с отличием окончила Музыкальное училище им. Ф. П. Павлова г.Чебоксары, 2004&ndash;2007 по специальности Хореографическое искусство и получила квалификацию артистки балета. Работала в Имперском русском балете, и Марийском государственном театре оперы и балета им.Э.Сапаева солисткой балета. <br />Участвовала в Балетном фестивале &laquo;Только звезды&raquo; (г.Мурманск, 2005г.).</p>\r\n<p>Является Дипломантом Конкурса молодых артистов балета Артека (Украина,2006) и дипломантом за актерское мастерство (за создание сценического образа).</p>\r\n<p>Принимала участие в семинаре "Пост-изометрическая релаксация Stretching" (Академии Фитнеса, 2012)</p>\r\n<p>С 2010 года является инструктором групповых программ и персональным тренером по направлениям Stretching, Body Ballet и Классическая хореография!</p>\r\n<p></p>', '', '', 1, '', '', '', NULL, NULL, NULL, '', NULL, NULL, NULL, '', 1);
/*!40000 ALTER TABLE `instructor_items` ENABLE KEYS */;


-- Дамп структуры для таблица v3.citrusfit.pages
DROP TABLE IF EXISTS `pages`;
CREATE TABLE IF NOT EXISTS `pages` (
  `id` int(11) NOT NULL AUTO_INCREMENT,
  `alias` varchar(200) NOT NULL DEFAULT '',
  `module` varchar(200) DEFAULT NULL,
  `title` varchar(300) NOT NULL,
  `begin_body` mediumtext,
  `end_body` mediumtext,
  `nn` int(11) NOT NULL DEFAULT '0',
  `club_id` int(11) DEFAULT NULL,
  `show_in_menu` tinyint(1) NOT NULL DEFAULT '0',
  `show_title` tinyint(1) NOT NULL DEFAULT '1',
  `template` varchar(50) DEFAULT NULL,
  `meta_index` tinyint(1) NOT NULL DEFAULT '1',
  `meta_title` varchar(300) DEFAULT NULL,
  `meta_keywords` varchar(500) DEFAULT NULL,
  `meta_description` varchar(500) DEFAULT NULL,
  `created_ip` varchar(300) DEFAULT NULL,
  `created_date` datetime DEFAULT NULL,
  `created_user` int(11) DEFAULT NULL,
  `created_username` varchar(200) NOT NULL,
  `modified_ip` varchar(300) DEFAULT NULL,
  `modified_date` datetime DEFAULT NULL,
  `modified_user` int(11) DEFAULT NULL,
  `modified_username` varchar(300) NOT NULL,
  `active` tinyint(1) NOT NULL DEFAULT '1',
  PRIMARY KEY (`id`),
  UNIQUE KEY `alias` (`alias`),
  UNIQUE KEY `module` (`module`),
  KEY `pages_ibfk_1` (`club_id`),
  CONSTRAINT `pages_ibfk_1` FOREIGN KEY (`club_id`) REFERENCES `club_items` (`id`) ON DELETE CASCADE ON UPDATE CASCADE
) ENGINE=InnoDB AUTO_INCREMENT=50 DEFAULT CHARSET=utf8 COMMENT='Страницы сайта';

-- Дамп данных таблицы v3.citrusfit.pages: ~34 rows (приблизительно)
DELETE FROM `pages`;
/*!40000 ALTER TABLE `pages` DISABLE KEYS */;
INSERT INTO `pages` (`id`, `alias`, `module`, `title`, `begin_body`, `end_body`, `nn`, `club_id`, `show_in_menu`, `show_title`, `template`, `meta_index`, `meta_title`, `meta_keywords`, `meta_description`, `created_ip`, `created_date`, `created_user`, `created_username`, `modified_ip`, `modified_date`, `modified_user`, `modified_username`, `active`) VALUES
	(1, '', NULL, 'Главная', '<div class="citrus-pattern">\r\n    <div class="blank blank-padding">\r\n        <div class="container">\r\n            {{w:BannersWidget}}\r\n        </div>\r\n    </div>\r\n    {{w:BeginnersWidget}}\r\n</div>\r\n\r\n<div class="blank blank-padding">\r\n    <div class="container">\r\n        {{w:NewsBlockWidget}}\r\n      </div>\r\n</div>\r\n\r\n<div class="blank about-blank blank-padding">\r\n    <div class="container">\r\n        <div class="about-block">\r\n            {{w:AboutClubWidget}}\r\n        </div>\r\n    </div>\r\n</div>\r\n\r\n<div class="blank">\r\n    {{w:MapWidget}}\r\n</div>', NULL, 1, NULL, 1, 0, 'homepage', 1, 'Фитнес-клуб Цитрус Чебоксары | Фитнес клубы в Чебоксарах', 'Фитнес-клуб Цитрус, Чебоксары, Фитнес клуб, Цитрус, фитнес, фитнес-центр, апельсин, лимон, цитрусовые, семинар, мастер-класс, ретрит, йога, пилатес, Ласковенков, интенсив, танцы, танцевальные занятия, групповые занятия, солярий, красота, стать красивой, похудеть, быстро похудеть, косметический салон, степ-аэробика, тренажерный зал, тренажерка, тренажеры, сауна, сауна в раздевалке, красивые девочки, красивые мальчики, YOGA 23, Йога23, Сидерский, Линих, клуб, подарочный сертификат, мустанг, фитнес', 'Фитнес-центр Цитрус уютное место в центре Северо-Западного района г.Чебоксары, где Вы можете отложить все свои проблемы и посвятить время только себе и своему телу. Удобные сауны в раздевалках снимут стресс и облегчат усталость после тренировки. Для Вас ежедневно открыты двери тренажерного зала, двух залов групповых занятий, двух залов персонального тренинга, маникюрного салона, spa-кабинета и солярия. Различные танцевальные направления и большой тренажерный зал с выделеной кардио зоной. Огромны', NULL, NULL, NULL, '', NULL, NULL, NULL, '', 1),
	(8, 'raspisanie', NULL, 'Расписание', '<p>Занятий много, пробуйте все! По нашим клубным картам нет ограничений. Ходите сколько угодно на любые <a href="/maincitrus">тренировки</a>!&nbsp;</p>\r\n<p class="p1">{{w:WorkoutRequestButton|type=red;size=large;label=Получить бесплатную тренировку;description=Запись из расписания}}</p>\r\n<p><span style="color: #ff0000;">Ваши <strong>друзья</strong> ленятся? Не хотят заиматься? Спасайте их от унылого вида на пляже! Ведь Вы же уже подготовились!&nbsp;</span></p>\r\n<p><span style="color: #ff0000;">Берите их и получайте <strong>месяц +</strong> к вашей карте за каждого друга. <strong>Друзья</strong> получают скидку от нашего фитнес клуба просто за то, что Вы у них есть!</span></p>\r\n<p>Наш телефон: 45-25-16</p>\r\n<p>Фитнес-клуб &laquo;Цитрус&raquo;: город Чебоксары, улица А. Королева 2 ТЦ Байконур</p>\r\n<p></p>\r\n<p><span style="background-color: #ffffff; color: #ff0000;">РАСПИСАНИЕ ДЕЙСТВИТЕЛЬНО С 1ОКТЯБРЯ</span></p>\r\n<p><span style="background-color: #ffffff; color: #ff0000;"></span></p>\r\n<p></p>\r\n<p></p>', NULL, 2, NULL, 1, 1, '', 1, 'Расписание фитнес-клуба Цитрус Чебоксары | Фитнес клубы в Чебоксарах', 'Йога, Бодифлекс, пилатес, степ, латино-аэробика, dance-mix, суперпресс, стрип-пластика, йога для начинающих, удобное расписание занятий, фитнес-клуб Цитрус, хорошее настроение, Ласковенков, тренажерный зал, тренажерка, йога-студия, студия йоги, семинары, дни открытых дверей, отличное занятие, удачное расписание, удобное, YOGA23, йога 23', 'Расписание занятий фитнес клуба &laquo;Цитрус&raquo; г. Чебоксары, для вашего удобства на&nbsp;нашем сайте. Возможны изменения. За&nbsp;более точной информацией обращайтесь по&nbsp;тел. 45-25-16', NULL, NULL, NULL, '', NULL, NULL, NULL, '', 1),
	(10, 'catalog', NULL, 'Каталог', '', NULL, 3, NULL, 1, 1, NULL, 1, '', '', '', NULL, NULL, NULL, '', NULL, NULL, NULL, '', 1),
	(11, 'yoga', NULL, 'Йога студия', '<p>ЙОГА СТУДИЯ</p>\r\n<p><strong>Pilates&nbsp;-&nbsp;</strong>это безопасная программа упражнений на основеконцепции body&amp;mind. Специальные упражнения, направленные на укрепление мышц, стабилизирующия позвоночник, и развитие гибкости. Результатом тренировки станет красивая осанка, снятие напряжения с мышц спины и прекрасное тело. Не имеет ограничений по возрасту и физической подготовке.&nbsp;</p>\r\n<p><strong>Yoga -&nbsp;</strong>система упражнений, позволяющая научиться управлять эмоциями, развивающая контроль над мышлением, расширяющая диапазон восприятия. Воздествует на тело как общеоздоровительная практика. Укрепляет мышечно- сухожильные комплексы опорно-двигательного аппарата, развивает и гармонично укрепляет глубокие мышцы, поддерживающие внутренние органы, востанавливае и укрепляет мышечный корсет позвоночника.&nbsp;</p>\r\n<p><strong>Stretching -&nbsp;</strong>Урок направлен на расслабление, растягивание мышц, связок, сусавов, повышение общего тонуса организма. Для любого уровня подготовленности.&nbsp;</p>\r\n<p><strong>Flex -&nbsp;</strong>занятия на &nbsp;растягивание и расслабление мышц всего тела. Улучшает гибкость и увеличивает амплитуду движения. Рекомендуется для всех уровней.&nbsp;</p>\r\n<p><span>&nbsp; &nbsp; &nbsp; &nbsp; &nbsp; &nbsp; &nbsp; &nbsp; &nbsp; &nbsp; &nbsp; &nbsp; &nbsp; &nbsp; &nbsp; &nbsp; &nbsp; &nbsp;{{w:WorkoutRequestButton|type=red;size=large;label=Заявка для начинающих;description=yogastudio;modal_submit=Отправить;modal_title=Отправить заявку на пробное занятие}}</span></p>', NULL, 1, NULL, 0, 1, NULL, 1, 'Йога, фитнес-клуб Цитрус Чебоксары | Фитнес клубы в Чебоксарах, йога23, универсальная йога', 'YOGA&nbsp;23, йога&nbsp;23, йога, чебоксары, йога в&nbsp;Чебоксарах, фитнес-клуб Цитрус, спорт, где заняться йогой, йога-студия, студия йоги, Ласковенков, пилатес, семинар, ретрит, обучение йоге, мастер класс, Линих, Сидерский', 'YOGA&nbsp;23 (Y23)&nbsp;&mdash; разработанная Андреем Сидерским методическая система изучения и&nbsp;освоения практики гимнастики йогов (хатха-йоги).', NULL, NULL, NULL, '', NULL, NULL, NULL, '', 1),
	(12, 'korporativhiy_fitnes', NULL, 'Корпоративный фитнес', '<p></p>\r\n<p><span style="color: #ff0000;"><strong>Хотите выгодно заниматься фитнесом?</strong></span></p>\r\n<p><span style="color: #ff0000;"><strong>У вас есть большой коллектив?&nbsp;</strong></span></p>\r\n<p><span style="color: #ff0000;"><strong>Все ходят в разные места?</strong></span></p>\r\n<p><span style="color: #ff0000;"><strong>Объединяйтесь! Это выгодно! Больше народу -&nbsp;ниже цены!</strong></span></p>\r\n<p><span style="color: #ff0000;"><strong>Скидка на клубные карты до 70%!</strong></span></p>\r\n<p><strong>Специальное предложение для организаторов от компаний клубная карта в подарок!*</strong></p>\r\n<p>Выгодно для владельцев бизнеса! Снижение налогооблагаемой базы, снижение заболеваемости сотрудников, сплочение коллектива!</p>\r\n<p><span style="color: #ff0000;">На выходе - увеличение доходов предприятия! Затраты окупятся в первый год!</span></p>\r\n<p>Что получает владелец карты? Безлимитные посещения тренажерного зала, групповых занятий и саун в раздевалках! Бонусом: первичный инструктаж, рекомендации к выбору направления тренировки, 2 персональных занятия с тренером + полотенце перед каждой тренировкой!</p>\r\n<p><span>Оставьте заявку и наши инструкторы проведут ознакомительное занятие для вашей компании бесплатно!</span></p>\r\n<p><span><span>&nbsp; &nbsp; &nbsp; &nbsp; &nbsp; &nbsp; &nbsp; &nbsp; &nbsp; &nbsp; &nbsp; &nbsp; &nbsp; &nbsp; &nbsp; &nbsp; &nbsp; &nbsp; &nbsp; &nbsp; &nbsp; &nbsp; &nbsp; {{w:WorkoutRequestButton|type=red;size=large;label=Отправить заявку!;description=korporativnyjfitnes;modal_submit=Отправить;modal_title=Отправить заявку&nbsp;<span>на&nbsp;</span><span>ознакомительное занятие</span>}}</span></span></p>\r\n<p><span>Дополнительные плюсы:</span></p>\r\n<p><span><span><span><span><span>-</span><span>в</span></span>озможность переоформления карты с одного на другого сотрудника</span></span></span></p>\r\n<p><span><span><span>-бонусы при продлении карт</span></span></span></p>\r\n<p><span><span><span>-возможность наличной и безналичной оплаты</span></span></span></p>\r\n<p><span><span><span>-присоединение к программе новых сотрудников с дополнительными скидками для Вас</span></span></span></p>\r\n<p><span><span><span>-оплата как от организаций (полная или частичная), так и от самих работников по спискам</span></span></span></p>\r\n<p>*Подробности у менеджеров клуба.&nbsp;<span>На 1 организацию регистрируется не менее 5 карт.</span></p>\r\n<p>P.S. Заявки от&nbsp;5&nbsp;человек тоже становятся корпоративными и&nbsp;обслуживаются со&nbsp;скидкой.</p>\r\n<p>Фитнес-клуб &laquo;Цитрус&raquo;, г. Чебоксары, ул. М. Павлова, 10Б. www.citrusfit.ru</p>', NULL, 2, NULL, 0, 1, NULL, 1, 'Корпоративный фитнес Цитрус Чебоксары | Фитнес клубы в Чебоксарах', 'Скидки, корпоративный фитнес, клубные карты, групповые занятия, йога, пилатес, школа танцев, тренажерный зал, рассрочка, клубные танцы, фитнес бар, массаж, солярий, студия йоги, fitnes, dance mix, yoga, pilates, стэп, латино аэробика,', 'Скидки на&nbsp;корпоративные занятия до&nbsp;30%. Лучшая возможность для расширения социального пакета предприятия!!! Собери 5&nbsp;человек и&nbsp;получи статус организации!!! Более 20&nbsp;направлений в&nbsp;одной клубной карте!!! Фитнес-клуб &laquo;Цитрус&raquo; г. Чебоксары, ул. М-Павлова 10Б.', NULL, NULL, NULL, '', NULL, NULL, NULL, '', 1),
	(13, 'sauna', NULL, 'Сауна', '<p>Устали после тренировки? Чувствуете боль в&nbsp;мышцах? Выдался трудный рабочий день? Сходите в&nbsp;сауну! Хорошее самочувствие восстановится. Все раздевалки фитнес-клуба оснащены финскими саунами, использование которых входит в&nbsp;стоимость всех абонементов и&nbsp;клубных карт.</p>', NULL, 3, NULL, 0, 1, NULL, 1, 'Сауна, раздевалки, фитнес-клуб Цитрус Чебоксары | Фитнес клубы в Чебоксарах', 'сауна, чебоксары, г. Чебоксары, фитнес-клуб, фитнес-центр, сауны в раздевалках, финские сауны, снять стресс, фитнес, расслабиться после занятий, тонус, разогреть мышцы, снять боль после занятий, снять боль, душ, душевая, красиво, красивые раздевалки, удобные раздевалки,', 'Устали после тренировки? Чувствуете боль в&nbsp;мышцах? Выдался трудный рабочий день? Сходите в&nbsp;сауну! Хорошее самочувствие восстановится. Все раздевалки фитнес-клуба оснащены финскими саунами, использование которых входит в&nbsp;стоимость всех абонементов и&nbsp;клубных карт.', NULL, NULL, NULL, '', NULL, NULL, NULL, '', 1),
	(14, 'silovyetren', NULL, 'Силовые направления', '<p>СИЛОВЫЕ НАПРАВЛЕНИЯ</p>\r\n<p><strong>Body Fit&nbsp;-</strong>&nbsp;Силовой класс, направленный на развитие основных физических качеств: силы, выносливости, равновесия и координации. Изолированная работа на каждую зону тела позволит скорректировать фигуру, поддержать достигнутую форму, добиться наибольшего результата.&nbsp;&nbsp;</p>\r\n<p><strong>Body Rock&nbsp;-&nbsp;</strong>Система высокоинтенсивных силовых упражнений для всех групп мышц тела методом многократных цикличных круговых повторений. Улучшает выносливость и силовые показатели. Используется преимущественно собственный вес тела без дополнитнельных отягощений. &nbsp;Очень энергичная тренировка, требующая максимальных затрат энергии.&nbsp;</p>\r\n<p><strong>Super press&nbsp;-&nbsp;</strong>Силовая тренировка, направленная на укрепление мыщц пресса и спины в сочетании с расслаблением. Получи за короткое время красивый пресс на увлекательных занятиях! Долой скучные домашние занятия, пришло время быть красивым и здоровым!&nbsp;</p>\r\n<p><strong>Body Tonic&nbsp;-</strong>&nbsp;Body Tonic-тренировка предназначенная для развития основных качеств человека, которые необходимы в повседневной жизни (баланс, гибкость, координация, сила, выносливость). Включает в себя основные элементы аэробных, силовых и статических направлений. Подходит для всех уровней подготовки.&nbsp;</p>\r\n<p><span>&nbsp; &nbsp; &nbsp; &nbsp; &nbsp; &nbsp; &nbsp; &nbsp; &nbsp; &nbsp; &nbsp; &nbsp; &nbsp; &nbsp; &nbsp; &nbsp; &nbsp; &nbsp; {{w:WorkoutRequestButton|type=red;size=large;label=Начать!;description=silovye napravlenia;modal_submit=Отправить;modal_title=Отправить заявку на пробное занятие (Силовые)}}</span></p>', NULL, 4, NULL, 0, 1, NULL, 1, 'Силовые направления групповых тренировок фитнес клуба Цитрус', 'Силовые направления, групповых тренировок, фитнес клуба Цитрус', 'Силовые направления групповых тренировок фитнес клуба Цитрус', NULL, NULL, NULL, '', NULL, NULL, NULL, '', 1),
	(15, 'trenajeniy_zal', NULL, 'Тренажёрный зал', '<p><strong></strong>Тяжело заставить себя найти время для тренировок. Вечера после работы. Дом, еда, телевизор, компьютер, интернет-cпать. Организм тоже спит. Всегда. В тягость любые упражнения. Донести покупки из магазина-иногда тяжело. Иногда потом несколько дней тяжело. Шутки про пирожки от друзей и близких становятся обыденностью.</p>\r\n<p>Не надоело?</p>\r\n<p><strong>МЕЧТА - успешная карьера, красивая семья, новые финансовые горизонты... А с ними: автомобили, дома, яхты...</strong></p>\r\n<p><strong>Красивые люди нужны везде. Меняя себя, изменяешь жизнь.</strong></p>\r\n<p><strong>Решение в одном простом действии: нажми на кнопку и начни меняться.&nbsp;</strong></p>\r\n<p><span>{{w:WorkoutRequestButton|type=red;size=large;label=Получить пробное занятие;description=trenazhernyj zal;modal_submit=Отправить;modal_title=Отправить заявку на пробное занятие}}</span></p>\r\n<p>Ну вот, часть пути пройдена! Осталось собраться и попасть к нам.</p>\r\n<p>Наш тренажерный зал, не просто красивый и большой, с кучей самых современных тренажеров и отдельной кардио зоной, главное в нем люди: инструктора, постоянные клиенты, VIP гости, звезды шоу бизнеса, политики и бизнесмены. Новые знакомства не прекращаются никогда! Начни со вводного инструктажа с одним из <a href="/individualnie_zanyatiya_s_trenerom">7 инструкторов</a> тренажерного зала и двигайся к цели!</p>\r\n<p></p>\r\n<p>Наш телефон: 45-25-16 Фитнес-клуб &laquo;Цитрус&raquo; Чебоксары по&nbsp;ул. М.&nbsp;Павлова д. 10&nbsp;&laquo;Б&raquo; www.citrusfit.ru</p>', NULL, 5, NULL, 0, 1, NULL, 1, 'Тренажерный зал Цитрус Чебоксары | Фитнес клубы в Чебоксарах', 'Тренажерный зал Чебоксары, качалка, тренажерка, г. Чебоксары, покачаться, прокачать, продажа энергетиков, спортивное питание, мышцы, мышечная масса, грудь, тренажеры, крутые, беговые дорожки, штанга, гантели, красивые девочки, здоровье, красота, похудеть, быстро похудеть, L-карнитин, соки, фрэши, цитрус, цитрусовые, крепкие мужики, красивые мужчины, активная позиция, интересные занятия.', 'Тренажёрный зал нашего фитнес-клуба идеальное место для формирования красивой фигуры и&nbsp;укрепления здоровья. Максимум эффективности за&nbsp;минимум времени.', NULL, NULL, NULL, '', NULL, NULL, NULL, '', 1),
	(16, 'fitnes_bar', NULL, 'Фитнес-бар', '<p>В&nbsp;нашем фитнес-баре огромный выбор китайского чая, лучший бразильский кофе, свежевыжитые соки.&nbsp;</p>\r\n<p>После силовых упражнений наши протеиновые коктейли безопасно и&nbsp;эффективно усилят мышечный рост. Любое спортивное питание можно купить, либо заказать у&nbsp;нас.</p>\r\n<p>Напитки с&nbsp;L-карнитином помогут в&nbsp;скорейшем избавлении от&nbsp;лишних килограммов, с&nbsp;пользой для здоровья. Природные энергетики помогут при любых нагрузках.</p>', NULL, 6, NULL, 0, 1, NULL, 1, 'Фитнес-бар Цитрус Чебоксары | Фитнес клубы в Чебоксарах', '', 'В&nbsp;нашем фитнес-баре огромный выбор китайского чая, лучший бразильский кофе, свежевыжитые соки.', NULL, NULL, NULL, '', NULL, NULL, NULL, '', 1),
	(17, 'dancetren', NULL, 'Танцевальные направления', '<p>ТАНЦЕВАЛЬНЫЕ НАПРАВЛЕНИЯ</p>\r\n<p><strong>Strip Dance&nbsp;-&nbsp;</strong>Танцевальный класс, с раскованной хореографией, пораждающий свободу и красоту движений. Благодаря стрип-пластике можно не только обрести и сохранить форму, но и открыть себе новые возможности, уверенность в себе. Рекомендуется для всех уровней подготовленности.&nbsp;</p>\r\n<p><strong>Body Ballet</strong>&nbsp;-&nbsp;Класс классического танца, основной задачей которого является формирование красивой осанки, развитие гибкости, умение красиво двигаться в танце. Рекомендуется для всех уровней подготовленности.&nbsp;</p>\r\n<p><strong>Latina Zumba</strong>&nbsp;- танцевальный класс,&nbsp;представляют собой&nbsp;разновидность ритмичных, завораживающих латиноамериканских, испанских, африканских движений, совмещенное с&nbsp;аэробикой&nbsp;&nbsp;в сочетании с быстрыми и медленными ритмами. Тренирует&nbsp; мышцы &nbsp;ягодиц, рук, ног, укрепляя все тело.&nbsp;&nbsp;Рекомендуется для всех уровней подготовленности.&nbsp;</p>\r\n<p><strong>Latina -&nbsp;</strong>Зажигательный танцевальный урок в стиле латиноамериканских танцев. Занятие рекомендуется для всех уровней подготовленности.&nbsp;</p>\r\n<p><span>&nbsp; &nbsp; &nbsp; &nbsp; &nbsp; &nbsp; &nbsp; &nbsp; &nbsp; &nbsp; &nbsp; &nbsp; &nbsp; &nbsp; &nbsp; &nbsp; &nbsp; &nbsp; &nbsp; &nbsp; &nbsp; &nbsp; &nbsp; &nbsp; &nbsp; &nbsp; &nbsp; &nbsp; &nbsp; &nbsp;{{w:WorkoutRequestButton|type=red;size=large;label=Начать!;description=tanzevalnue napravlenia;modal_submit=Отправить;modal_title=Отправить заявку на пробное занятие танцами}}</span></p>', NULL, 7, NULL, 0, 1, NULL, 1, 'Танцевальные направления фитнес-клуб Цитрус Чебоксары | Фитнес клубы в Чебоксарах', 'Танцевальные направления, Aero-Dance, танцы, аэробика, танцевальная аэробика, данс микс, dance mix, Стрип-пластика, Strip Dance, чебоксары, морозова Ксения, красота, пластичные танцы, занятия на&nbsp;пилоне, цитрус, цитрус фит, citrusfit.ru, citrusfit, citrus', 'Танцевальные направления фитнес-клуб Цитрус Чебоксары | Фитнес клубы в Чебоксарах', NULL, NULL, NULL, '', NULL, NULL, NULL, '', 1),
	(18, 'bodyfit', NULL, 'Body Fit', '<p>Силовой класс, направленный на&nbsp;развитие основных физических качеств: силы, выносливости, равновесия и&nbsp;координации. Изолированная работа на&nbsp;каждую зону тела позволит скорректировать фигуру, поддержать достигнутую форму, добиться наибольшего результата.</p>', NULL, 8, NULL, 0, 1, NULL, 1, 'Body Fit', 'Body Fit, шейпинг, Токсубаева Таня, чебоксары, Фитнес клуб, цитрус', 'Силовой класс, направленный на&nbsp;развитие основных физических качеств: силы, выносливости, равновесия и&nbsp;координации. Изолированная работа на&nbsp;каждую зону тела позволит скорректировать фигуру, поддержать достигнутую форму, добиться наибольшего результата.', NULL, NULL, NULL, '', NULL, NULL, NULL, '', 1),
	(19, 'bodyflex', NULL, 'Бодифлекс', '<p>Лучший способ уменьшить талию и&nbsp;похудеть одновременно&nbsp;&mdash; заняться &laquo;Бодифлекс&raquo;. Программа разработана американкой Григ Чайлдерс. Грир Чайлдерс, женщина пятидесяти трех лет, мать троих детей, занимаясь по&nbsp;своей системе &laquo;Бодифлекс&raquo; перешла с&nbsp;56-го размера на&nbsp;44-й.</p>\r\n<p>&laquo;Бодифлекс&raquo;&nbsp;&mdash; практичная, легкая в&nbsp;применении и&nbsp;эффективная программа для сбрасывания веса и&nbsp;подтягивания дряблых мышц. Она занимает всего 15&nbsp;минут в&nbsp;день, так что вполне возможно включить ее&nbsp;в&nbsp;свой режим дня.</p>\r\n<p>Все упражнения разбиты на&nbsp;три группы:</p>\r\n<p>Изометрические&nbsp;&mdash; это такие упражнения, которые вызывают напряжение одной группы мышц. Например, вы&nbsp;сжимаете руку в&nbsp;кулак. Задействованы только мышцы кисти.</p>\r\n<p>Изотонические&nbsp;&mdash; когда работают несколько групп мышц. Например, вы&nbsp;свели ладони вместе и&nbsp;начинаете давить одной на&nbsp;другую. Напрягаются мышцы обеих рук.</p>\r\n<p>Растягивающие&nbsp;&mdash; это упражнения на&nbsp;эластичность мышц. Мало накачать мышцы, важно&nbsp;&mdash; чтобы были эластичные связки, подвижный позвоночник, чтобы сами мышцы не&nbsp;клинило. Наверно, видели, как сократившаяся мышца не&nbsp;может расслабиться. Это называется судорогой.</p>\r\n<p>Сочетание растяжки и&nbsp;дыхательных упражнений очень эффективно. Дыхательные упражнения прекрасно расслабляют и&nbsp;в&nbsp;то&nbsp;же время увеличивают доступ кислорода ко&nbsp;всем частям тела. Большинство людей дышит очень неглубоко, и&nbsp;это играет свою роль в&nbsp;развитии различных заболеваний. &laquo;Бодифекс&raquo; также укрепляет мышцы живота и&nbsp;массирует органы, находящиеся в&nbsp;брюшной полости, что помогает справиться с&nbsp;проблемами кишечника и&nbsp;запорами.</p>\r\n<p>Дыхательные упражнения и&nbsp;растяжка&nbsp;&mdash; наиболее простой подход к&nbsp;решения проблем целлюлита. Но&nbsp;по-настоящему важно&nbsp;то, что этот метод положительно сказывается на&nbsp;общем самочувствии.</p>\r\n<p>Занимаясь &laquo;Бодифлексом&raquo; вы&nbsp;вводите в&nbsp;тело своего рода излишки кислорода, и&nbsp;организму приходится как-то его использовать, то&nbsp;есть создаются новые артерии, вены и&nbsp;капилляры.</p>', NULL, 9, NULL, 0, 1, NULL, 1, 'Бодифлекс, фитнес-клуб Цитрус Чебоксары | Фитнес клубы в Чебоксарах', 'Бодифлекс, растяжка, дыхательные упражнения, чебоксары, г. Чебоксары, bodyflex, body flex, похудеть, убрать лишний вес, сильно похудеть, убрать жир, снять стресс,\r\nбыстро похудеть, красивое тело, красивая фигура, фигура, дыхание, бросить курить, правильно дышать, хороший инструктор', '&laquo;Бодифлекс&raquo;&nbsp;&mdash; практичная, легкая в&nbsp;применении и&nbsp;эффективная программа для сбрасывания веса и&nbsp;подтягивания дряблых мышц. Она занимает всего 15&nbsp;минут в&nbsp;день, так что вполне возможно включить ее&nbsp;в&nbsp;свой режим дня.', NULL, NULL, NULL, '', NULL, NULL, NULL, '', 1),
	(20, 'bodywork', NULL, 'Body work', '<p>Body work&nbsp;&mdash; силовая тренировка, включающая в&nbsp;себя классическую аэробику и&nbsp;упражнения на&nbsp;все группы мышц. Укрепляет сердечно-сосудистую систему, способствует сжиганию жировой прослойки, поддерживает мышечную систему в&nbsp;тонусе.&nbsp;</p>', NULL, 10, NULL, 0, 1, NULL, 1, 'Body work', 'Body Work, чебоксары', 'Body work&nbsp;&mdash; силовая тренировка, включающая в&nbsp;себя классическую аэробику и&nbsp;упражнения на&nbsp;все группы мышц.', NULL, NULL, NULL, '', NULL, NULL, NULL, '', 1),
	(21, 'pilates', NULL, 'Пилатес', '<p>Метод совершенствования тела по&nbsp;Пилатесу&nbsp;&mdash; это уникальная система упражнений на&nbsp;растяжку и&nbsp;укрепление мышц, разработанная более девяноста лет назад Джозефом Пилатесом. Она направлена на&nbsp;укрепление и&nbsp;тонизирование мышц, улучшение осанки, гибкости и&nbsp;чувства равновесия, на&nbsp;единение тела и&nbsp;разума, создание более стройной фигуры.</p>\r\n<p>При помощи концентрации и&nbsp;творческих усилий вам откроются огромные возможности этого уникального метода, пробуждающего тело посредством движения и&nbsp;разум посредством мышления. &laquo;В&nbsp;идеале наши мышцы должны подчиняться нашей воле. Рефлекторные действия мышц не&nbsp;должны доминировать над нашим разумом&raquo; Джозеф Пилатес верил, что силой разума можно добиться полного контроля над телом человека. Его теория нашла многократные подтверждения в&nbsp;научных исследованиях и&nbsp;на&nbsp;практике.</p>\r\n<p>Единения тела и&nbsp;разума в&nbsp;приятной обстановке помогут добиться инструкторы фитнес-клуба &laquo;Цитрус&raquo;.</p>', NULL, 11, NULL, 0, 1, NULL, 1, 'Пилатес фитнес-клуб Цитрус Чебоксары | Фитнес клубы в Чебоксарах', 'Пилатес, pilates стройная фигура, осанка, пилатес в&nbsp;чебоксарах, фитнес-клуб Цитрус, спорт, где заняться пилатесом, йога-студия, студия пилатес, приятные занятия, Антипова, City Gym, Ласковенков, йога без границ, скидки на&nbsp;занятия, акции в&nbsp;фитнес-клубах, фитнес-центр, стать красивой, похудеть&nbsp;за, быстро похудеть, персональные занятия, citrus, citrusfit, www.citrusfit.ru', 'Метод совершенствования тела по&nbsp;Пилатесу&nbsp;&mdash; это уникальная система упражнений на&nbsp;растяжку и&nbsp;укрепление мышц, разработанная более девяноста лет назад Джозефом Пилатесом. Она направлена на&nbsp;укрепление и&nbsp;тонизирование мышц, улучшение осанки, гибкости и&nbsp;чувства равновесия ,на единение тела и&nbsp;разума, создание более стройной фигуры.', NULL, NULL, NULL, '', NULL, NULL, NULL, '', 1),
	(22, 'strip-plastika', NULL, 'Strip Dance', '<p>Танец раскрепощения, страсти и&nbsp;чувственности создаёт маленький спектакль, который завораживает не&nbsp;только ваши сердца но&nbsp;и&nbsp;заставляет затаить дыхание случайных, а&nbsp;может и&nbsp;не&nbsp;очень случайных наблюдателей!</p>\r\n<p>Занятия стрип-пластикой способствует развитию гибкости, пластики, приведению в&nbsp;тонус мышц, развитию координации движений и&nbsp;повышению эмоционального уровня.</p>\r\n<p>Даже в&nbsp;повседневной жизни Ваши движения станут уверенней и&nbsp;мягче, а&nbsp;многие комплексы навсегда покинут Вас! До&nbsp;встречи на&nbsp;занятиях!&nbsp;</p>', NULL, 12, NULL, 0, 1, NULL, 1, 'Стрип-пластика, фитнес-клуб Цитрус Чебоксары | Фитнес клубы в Чебоксарах', 'Стрип-пластика, Strip Dance, Стрип, Strip-пластика, Strip, чебоксары, морозова Ксения, красота, пластичные танцы, занятия на&nbsp;пилоне', 'Занятия стрип-пластикой способствует развитию гибкости, пластики, приведению в&nbsp;тонус мышц, развитию координации движений и&nbsp;повышению эмоционального уровня.', NULL, NULL, NULL, '', NULL, NULL, NULL, '', 1),
	(23, 'podaroksertfikat', NULL, 'Подарочные сертификаты', '<p>Хочешь видеть вокруг себя красивых, здоровых и&nbsp;стройных людей? Впереди праздник... Подарочный сертификат* от&nbsp;фитнес-клуба &laquo;Цитрус&raquo;&nbsp;&mdash; идеальное решение! Дарите здоровье вместе с&nbsp;нами!!!</p>\r\n<p>P.S. Полезно всем)))</p>\r\n<p>*Все услуги фитнес-клуба на&nbsp;одной карте (йога студия, танцевальные и&nbsp;групповые занятия, тренажерный зал, индивидуальные занятия с&nbsp;инструкторами, косметический кабинет, солярий, SPA процедуры). Выбор остается за&nbsp;вами.</p>', NULL, 13, NULL, 0, 1, NULL, 1, '', '', '', NULL, NULL, NULL, '', NULL, NULL, NULL, '', 1),
	(24, 'individualnie_zanyatiya_s_trenerom', NULL, 'Индивидуальные занятия с тренером', '<p><span style="color: #ff0000;">Вас перестало устраивать собственное тело?</span></p>\r\n<p><span style="color: #000000;">Зеркало и весы уже не ваши союзники?&nbsp;</span></p>\r\n<p><span style="color: #ff0000;">Постоянно заняты и нет времени на тренировки?</span></p>\r\n<p>Устали от постоянных попыток заставить себя что-то сделать?</p>\r\n<p><span style="color: #ff0000;">Отпуск не за горами!</span></p>\r\n<p>Красивое тело за короткое время - не просто мечта.&nbsp;</p>\r\n<p><span style="color: #ff0000;">С нами возможно все!</span> <span style="color: #ff0000;">Ваш персональный тренер уже ждет.</span> Всего один клик до результата.</p>\r\n<p></p>\r\n<p class="p1">Часть пути уже пройдена: вы на нашем сайте, а значит главное-ваше желание измениться!</p>\r\n<p class="p1">Остальное сделаем мы! Составим программу тренировок, подберем правильное питание, возьмем на контроль каждую секунду вашего занятия в клубе. <span style="color: #ff0000;">Результат не заставит ждать!</span>&nbsp;</p>\r\n<p class="p1"><a href="/article/finalstarfit/">Бизнесмены и бизнесвуман, директора и начальники, ведущие и звезды шоу-бизнеса</a> занимаются в фитнес клубе "Цитрус".</p>\r\n<p class="p1">Вливайся в нашу дружную команду!</p>\r\n<p class="p1"><span style="color: #ff0000;"><strong>Красота, здоровье, карьерный рост и бизнес успехи всегда останутся с Вами!</strong></span></p>\r\n<p class="p1"><span>&nbsp;&nbsp; {{w:WorkoutRequestButton|type=red;size=large;label=Хочу начать!;description=presonalka;modal_submit=Отправить;modal_title=Отправить заявку на персональную тренировку}}</span></p>\r\n<p class="p1">Или набирайте <strong><span style="color: #ff0000;">45-25-16</span></strong></p>\r\n<p class="p1"></p>', NULL, 14, NULL, 0, 1, NULL, 1, 'Персональные занятия', 'Персональные занятия, тренировки, персональный инструктор, персоналка, индивидуальные занятия, программа тренировок, диета, правильное питание, хочу начать заниматься, тренажерный зал, инструктор, красивое тело, как похудеть, как убрать живот, убрать бока, лишний вес', 'Самый простой способ начать менять жизнь к лучшему! Персональный тренер ждет Вас!', NULL, NULL, NULL, '', NULL, NULL, NULL, '', 1),
	(25, 'detski_fitnes', NULL, 'Детская студия', '<p>Все родители хотят, чтобы их&nbsp;дети росли здоровыми и&nbsp;счастливыми. Но&nbsp;с&nbsp;каждым годом увеличивается нагрузка в&nbsp;школе, жизнь становится интенсивнее, и&nbsp;в&nbsp;это время очень важно позаботиться о&nbsp;физическом здоровье своего ребенка, ведь именно в&nbsp;этом возрасте закладываются основы всех жизненно важных процессов в&nbsp;организме, формируется осанка, развивается ловкость, гибкость и&nbsp;координация.</p>\r\n<p>В&nbsp;детской студии &laquo;Цитрус&raquo; для самых маленьких посетителей и&nbsp;детей постарше созданы все условия. Это&nbsp;&mdash; уличные танцы, стретчинг, актерское мастерство, занятия английским языком, тренировки направленные на&nbsp;укрепление мышц, развитие силы, гибкости, выносливости, Yoga. Все занятия проводятся в&nbsp;игровой форме, так что вашему ребенку наверняка не&nbsp;захочется уходить из&nbsp;фитнес-клуба, к&nbsp;тому&nbsp;же там он&nbsp;сможет найти себе новых друзей!</p>\r\n<p>Детский фитнес в&nbsp;нашем клубе проходит под неустанным контролем профессиональных тренеров и&nbsp;педагогов, а&nbsp;все спортивное оборудование отвечает самым строгим требованиям безопасности.  Мы&nbsp;убеждены, что все дети, вне зависимости от&nbsp;возраста, являются уникальными личностями, каждый имеет свои таланты и&nbsp;способности, которые необходимо развивать. В&nbsp;детской студии &laquo;Цитрус&raquo; каждый ребенок обязательно найдет для себя увлекательное и&nbsp;интересное занятие.</p>\r\n<p>Проведенное время в&nbsp;нашей детской студии&nbsp;&mdash; это яркие и&nbsp;позитивные эмоции у&nbsp;вашего ребенка, радость от&nbsp;преодоления трудностей и&nbsp;препятствий, интересное общение и&nbsp;новые друзья!</p>\r\n<p>Занятия начинаются уже сейчас!  При покупке годового абонемента мы&nbsp;дарим вам месяц в&nbsp;подарок.  Предварительная Запись по&nbsp;телеФону 45-25-16.</p>', NULL, 15, NULL, 0, 1, '', 1, 'Детский фитнес, детская студия, фитнес для детей, танцы для детей', 'Куда отправить ребенка, детские занятия, здоровые дети, танцы для детей. Фитнес летом.', '', NULL, NULL, NULL, '', NULL, NULL, NULL, '', 1),
	(26, 'aerobnosil', NULL, 'Аэробно-силовые направления', '<p><strong>Functional Training&nbsp;-&nbsp;</strong>&nbsp;Класс, направленный на развитие основных физических качеств: силы, выносливости, баланса, равновесия и координации. В основу положены привычные движения, совершаемые человеком в жизни. В одном упражнении задействованы максимальное количество групп мышц, включая глубокие мышцы, благодаря которым, при выполнении работы, позвоночник сохраняет правильное положение. Тренировка с использованием различного оборудования. Рекомендуется для всех уровней подготовленности.&nbsp;</p>\r\n<p><strong>Тай-бо&nbsp;-&nbsp;</strong>Аэробный класс с использованием элементов восточных единоборств. Нагрузка средней и высокой интенсивности. Рекомендуется для среднего и высокого уровня подготовленности.&nbsp;</p>\r\n<p><strong>Basic Step&nbsp;-</strong>&nbsp;базовый урок с использованием степ-платформы.&nbsp;</p>\r\n<p><strong>Body Work&nbsp;</strong>- силовая тренировка, включающая в себя классическую аэробику и упражнения на все группы мышц. Укрепляет сердечно-сосудистую систему, способствует сжиганию жировой прослойки, поддерживает мышечную систему в тонусе.&nbsp;&nbsp;</p>\r\n<p><strong>Interval Training&nbsp;-&nbsp;</strong>Интервальная тренировка сочетающая аэробную нагрузку &nbsp;и силовые упражнения. Тренировка средней и высокой интенсивности.&nbsp;</p>\r\n<p><strong>Super Sculpt</strong>&nbsp;-&nbsp;Силовой класс, направленный на тренировку всех основных мышечных групп с использованием различного оборудования. Нагрузка средней интенсивности. Рекомендуется для всех уровней подготовленности.&nbsp;</p>\r\n<p><span>&nbsp;&nbsp; &nbsp; &nbsp; &nbsp; &nbsp; &nbsp; &nbsp; &nbsp; &nbsp;{{w:WorkoutRequestButton|type=red;size=large;label=Отправить заявку на пробное занятие;description=аэробно-силовые направления;modal_submit=Отправить;modal_title=Отправить заявку на пробное занятие}}</span></p>', NULL, 16, NULL, 0, 1, NULL, 1, 'Аэробно-силовые групповые тренировки фитнес центра Цитрус', 'Аэробно-силовые групповые тренировки фитнес центра Цитрус', 'Аэробно-силовые групповые тренировки фитнес центра Цитрус', NULL, NULL, NULL, '', NULL, NULL, NULL, '', 1),
	(27, 'solyariy', NULL, 'Солярий', '', NULL, 17, NULL, 0, 1, NULL, 1, '', '', '', NULL, NULL, NULL, '', NULL, NULL, NULL, '', 1),
	(28, 'contacts', NULL, 'Контакты', '{{w:ContactsWidget}}', NULL, 5, NULL, 1, 1, NULL, 1, 'Адрес фитнес-клуба Цитрус Чебоксары | Контакты Фитнес клубы в Чебоксарах', '', 'Фитнес-клуб расположен в Северо-Западном районе г. Чебоксары, по улице М. Павлова, 10 "б" Тел.: (8352) 45-25-16, 45-21-67', NULL, NULL, NULL, '', NULL, NULL, NULL, '', 1),
	(29, 'taybo', NULL, 'Тайбо', '<p>Аэробно-силовой класс, который включает в&nbsp;себя, двидения из&nbsp;таких дисциплин, как бокс, карате и&nbsp;таэквондо, в&nbsp;сочетании с&nbsp;аэробными шагами, дополненных классическими силовыми упражнениями. Отлично тренирует сердечно&nbsp;&mdash; сосудистую систему, способствует сжиганиюподкожного жира, развивает гибкость, силу, хорошую реакцию и&nbsp;баланс.</p>', NULL, 18, NULL, 0, 1, NULL, 1, 'Тай-bo | фитнес-клуб Цитрус Чебоксары Fitball в чебоксарах', 'Тай-bo, тайбо, тай-бо, Тай - bo в чебоксарах, стройная фигура, интенсивная тренировка , осанка, фитнес-клуб Цитрус, спорт, где заняться пилатесом, йога-студия, студия пилатес, приятные занятия, Токсубаева Татьяна, City Gym,скидки на занятия, акции в фитнес-клубах, фитнес-центр, стать красивой, похудеть за, быстро похудеть, персональные занятия, citrus, citrusfit, www.citrusfit.ru', '', NULL, NULL, NULL, '', NULL, NULL, NULL, '', 1),
	(34, 'maincitrus', NULL, 'Фитнес клуб Цитрус СЗР, г. Чебоксары', '<div class="wk_header"><span>&nbsp; &nbsp; &nbsp; &nbsp; &nbsp; &nbsp; &nbsp; &nbsp; &nbsp; &nbsp; &nbsp; &nbsp; &nbsp; &nbsp; &nbsp; &nbsp; &nbsp; &nbsp; &nbsp; &nbsp; &nbsp; &nbsp; &nbsp; &nbsp; &nbsp; &nbsp; &nbsp; &nbsp; &nbsp; &nbsp; &nbsp; &nbsp; {{w:WorkoutRequestButton|type=red;size=default;label=Получить бесплатное занятие;description=free}}</span></div>\r\n<div class="wk_header"><span><span><a href="/individualnie_zanyatiya_s_trenerom"><img src="/uploads/23f3d62241113f6b8fe51dbc971b3950.png" />ПЕРСОНАЛЬНЫЕ ЗАНЯТИЯ С ИНСТРУКТОРОМ</a></span></span></div>\r\n<div class="wk_header"></div>\r\n<div class="wk_header"><a href="/kardiozona"><span><span><img src="/uploads/f6871588eec3952a17967317769dca3e.png" />КАРДИО ЗОНА</span></span></a></div>\r\n<div class="wk_header"></div>\r\n<div class="wk_header"><a href="/trenajeniy_zal"><img src="/uploads/a6ed1515f2b4440b2703ebcff6b5d4d1.png" />ТРЕНАЖЕРНЫЙ ЗАЛ</a></div>\r\n<div class="wk_header"></div>\r\n<div class="wk_header"><a href="/yoga"><span><img src="/uploads/f3a2deca5f2f993ce10b7ff3f0721e60.png" />ЙОГА СТУДИЯ</span></a></div>\r\n<div class="wk_header"></div>\r\n<div class="wk_header"><a href="/silovyetren"><img src="/uploads/2580f97a5e1c0d384dd9526c51b427f6.png" />СИЛОВЫЕ НАПРАВЛЕНИЯ</a></div>\r\n<div class="wk_header"></div>\r\n<div class="wk_header"><a href="/aerobnosil"><span style="line-height: 1.428571429;"><img src="/uploads/efec3c7daa3cd46f61737fbc87cdcc74.png" />АЭРОБНО - &nbsp;СИЛОВЫЕ НАПРАВЛЕНИЯ</span></a></div>\r\n<div class="wk_header"></div>\r\n<div class="wk_header"><a href="/dancetren"><span style="line-height: 1.428571429;"><span><img src="/uploads/bdafd4265e53cb3d9984dadd3eb6c64c.png" />ТАНЦЕВАЛЬНЫЕ НАПРАВЛЕНИЯ</span></span></a></div>\r\n<div class="wk_header"></div>\r\n<div class="wk_header"><a href="/detski_fitnes"><span style="line-height: 1.428571429;"><span><img src="/uploads/3d081bc93f51723d77d534f6da622f78.png" />ДЕТСКАЯ СТУДИЯ</span></span></a></div>\r\n<div class="wk_header"></div>\r\n<div class="wk_header"><a href="/fitnes_bar"><span style="line-height: 1.428571429;"><img src="/uploads/2bcaec97da74f8bd806f6306c8e81fe8.png" />ФИТНЕС БАР</span></a></div>\r\n<div class="wk_header"></div>\r\n<div class="wk_header"><span style="line-height: 1.428571429;"><img src="/uploads/764745a9143e498a728cebc6cdd21a2b.png" />ДИАГНОСТИЧЕСКИЙ КАБИНЕТ И ДИЕТОЛОГ</span></div>\r\n<div class="wk_header"></div>\r\n<div class="wk_header"><a href="/sauna"><span style="line-height: 1.428571429;"><img src="/uploads/a4ecb5674965b4a67a8cd7d34187769a.png" />РАЗДЕВАЛКИ, ЗОНЫ ОТДЫХА И САУНЫ</span></a></div>\r\n<div class="wk_header"></div>\r\n<div class="wk_header"></div>\r\n<div class="wk_header"></div>\r\n<p></p>\r\n<p><b><a href="http://vk.com/pages?oid=-13375929&amp;p=Pilates">&nbsp;</a></b></p>', NULL, 0, NULL, 0, 1, NULL, 1, 'Тренажерный зал, групповые направления, Фитнес клуб Цитрус, г. Чебоксары', '', '', NULL, NULL, NULL, '', NULL, NULL, NULL, '', 1),
	(35, 'kardiozona', NULL, 'Кардио зона', '<p>Первое с чего начинается фитнес клуб* и ваше занятие в нем. &nbsp;Кардио зона фитнес клуба "Цитрус" располагается в тренажерном зале и представляет полный комплекс новейшего оборудования. Беговые дорожки, эллипсоиды, уникальные для нашего города гребные и вело тренажеры различных видов дают отличную возможность провести идеальную разминку. Эллиптические тренажеры позволяют изменять ширину шага и подстраиваются под индивидуальные параметры пользователя. Использование кардио зоны включено во все клубные карты нашего центра.</p>\r\n<p>*Все недорогие домашние дорожки сделаны по упрощеной схеме, без амортизационных платформ, ударно-демпферная нагрузка на суставы превышает допустимые нормы в несколько раз. Занимайтесь только на профессиональных тренажерах! Не покупайте пылесборники!</p>\r\n<p><span>{{w:WorkoutRequestButton|type=red;size=large;label=Записаться бесплатно побегать;description=kardiozona;modal_submit=Отправить;modal_title=Оставить заявку на тренировку}}</span></p>', NULL, 0, NULL, 0, 1, NULL, 1, 'Кардио зона фитнес клуба Цитрус/фитнес клубы г. Чебоксары', 'кардио зона, Беговые дорожки, эллипсойды, уникальные гребные, вело тренажеры, эллиптические тренажеры, степпер, эллипсоид, бег, ходьба, восстановление, кинезио терапия, аэробная нагрузка', 'Кардио зона фитнес клуба "Цитрус" располагается в тренажерном зале и представляет полный комплекс новейшего оборудования.', NULL, NULL, NULL, '', NULL, NULL, NULL, '', 1),
	(36, '2for1', NULL, 'Две карты по цене одной', '<p>Хотите измениться в новом году?</p>\r\n<p>Мечтали о выгодном спец предложении?</p>\r\n<p>2 карты по цене одной от Фитнес клуба "Цитрус"!</p>\r\n<p>Спец предложение на ГОД без ограничений (<span>777 р. в месяц)!*</span></p>\r\n<p><span>Только до 10 февраля! Успей приобрести и начать Новый Год с позитива!</span></p>\r\n<p><span><span>{{w:WorkoutRequestButton|type=red;size=large;label=Отправить заявку на карту;description=2 по цене одной;modal_submit=Отправить;modal_title=<span>Отправить заявку на карту</span>}}</span></span></p>\r\n<p>Или звоните 45-25-16 и наши менеджеры забронируют Вам карту.&nbsp;</p>', NULL, 0, NULL, 0, 1, NULL, 1, '2 карты по цене одной от Фитнес клуба "Цитрус"!', 'цитрус, фитнес, Фитнес со звездой в фитнес центре Цитрус, фитнес клуб, звезды, предприниматели, ведущие, известные люди, клубная карта, абонемент, занятия фитнесом, персональный тренер, тренажерный зал, йога, пилатес, тренер, инструктор, красивый инструктор, престижный клуб, красивая фигура, красивое тело, корсунский, русакова, баганова, ведущий для свадьбы, ведущий для корпоратива, ведущий для дня рождения, тамада, скидки, акции, спецпредложения, фитнес дешево', '2 карты по цене одной от Фитнес клуба "Цитрус"!\r\n\r\nСпец предложение на ГОД без ограничений (740 р. в месяц) и безлимитная Дневная на ГОД (333 р. в месяц)!*\r\n\r\nТолько до 31 декабря! Успей приобрести и начать Новый Год с позитива!', NULL, NULL, NULL, '', NULL, NULL, NULL, '', 1),
	(40, 'lifespec', NULL, 'Специальное предложение для журнала Life', '<p>Life and spec</p>', NULL, 0, NULL, 0, 1, NULL, 1, '', '', '', NULL, NULL, NULL, '', NULL, NULL, NULL, '', 1),
	(42, 'instructor', 'instructors', 'Инструкторы', NULL, NULL, 3, NULL, 0, 1, NULL, 1, '', '', '', NULL, NULL, NULL, '', NULL, NULL, NULL, '', 1),
	(43, 'photo', NULL, 'Фотографии', NULL, NULL, 3, NULL, 0, 1, NULL, 1, '', '', '', NULL, NULL, NULL, '', NULL, NULL, NULL, '', 1),
	(44, 'franchise', NULL, 'Франшиза', '<div class="bg-container container">\r\n<div class="offer-container container">\r\n<div class="question-container">\r\n<h1>Хотите открыть <br /> свой собственный <span class="orange">фитнес-клуб</span> ?</h1>\r\n</div>\r\n<div class="row">\r\n<div class="col-xs-6">\r\n<div class="offer-block">\r\n<h1>Франшиза фитнес-клуба <span class="orange">&laquo;Цитрус&raquo;</span> &nbsp;&mdash; лучшая возможность для этого!</h1>\r\n<h2>Оставьте заявку и получите всю необходимую информацию по условиям франшизы</h2>\r\n</div>\r\n</div>\r\n<div class="col-xs-6">{{w:LandingFormWidget|number=1}}</div>\r\n</div>\r\n</div>\r\n</div>\r\n<!-- Перечисление бенефитов -->\r\n<div class="benefits-container container">\r\n<h1 class="italic">&mdash;&nbsp;Почему франшиза от&nbsp;сети фитнес-клубов &laquo;Цитрус&raquo; выгоднее, чем открытие клуба с&nbsp;нуля?</h1>\r\n<div class="styled-list"><ol class="rounded-list">\r\n<li><a>Успешный клуб. Срок окупаемости &mdash; 2 года!</a></li>\r\n<li><a>Уникальная система обучения менеджеров и инструкторов</a></li>\r\n<li><a>Мы научим вас подбирать персонал!</a></li>\r\n<li><a> Свои рекламные площадки и своя уникальная система продвижения клубов </a></li>\r\n</ol></div>\r\n<div>{{w:GalleryBlock|album=Франшиза}}</div>\r\n<h1 class="italic">&mdash;&nbsp;Что мы сделаем за вас?</h1>\r\n<div class="list"><ol>\r\n<li>Передадим полный перечень критериев для выбора помещения, включая оптимальное описание локации, а также технические требования к помещению.</li>\r\n<li>Проведем экспертную оценку выбранного помещения.</li>\r\n<li>Предоставим типовую структуру бюджета открытия, а также типовой план-график проекта открытия.</li>\r\n<li>Передадим полный бренд-бук с описанием концепции фитнес-клуба &laquo;Цитрус&raquo;</li>\r\n<li>Сделаем экспертную оценку дизайн-проекта.</li>\r\n<li>Предложим проектировочное решение и технологический проект.</li>\r\n<li>Составим список капитального оборудования по клубу и тренажерному залу</li>\r\n<li>Передадим все методики по набору персонала.</li>\r\n<li>Передадим ведомость отделки.</li>\r\n<li>Передадим спецификацию мебели, света, декора и т.д.</li>\r\n<li>Свяжем вас с поставщиками стройматериалов и оборудования.</li>\r\n<li>Предложим вариант управленческой структуры заведения и штатное расписание.</li>\r\n<li>Проведем собеседования с кандидатами на ключевые позиции и выскажем свои мысли по поводу каждого.</li>\r\n<li>Вышлем &laquo;команду открытия&raquo; на место для обучения линейного персонала перед открытием, запуска заведения и поддержки в первые дни работы.</li>\r\n<li>Будем поддерживать вас морально на протяжении всего периода открытия.</li>\r\n</ol></div>\r\n<div>{{w:GalleryBlock|album=Клуб ЮЗР}}</div>\r\n<h1 class="italic">Наши партнеры</h1>\r\n<div class="row">\r\n<div class="col-xs-3"><img class="img-responsive" src="/uploads/partners-aerofit.jpg" alt="..." /></div>\r\n<div class="col-xs-3"><img class="img-responsive" src="/uploads/partners-sberbank.jpg" alt="..." /></div>\r\n<div class="col-xs-3"><img class="img-responsive" src="/uploads/partners-alfabank.jpg" alt="..." /></div>\r\n<div class="col-xs-3"><img class="img-responsive" src="/uploads/partners-pioneer-leasing.jpg" alt="..." /></div>\r\n</div>\r\n</div>\r\n<div class="sec-offer-container container">\r\n<div class="container">\r\n<div class="row">\r\n<div class="col-xs-6">\r\n<div class="offer-block">\r\n<h1>Начните зарабатывать с франшизой фитнес-клуба <span class="orange">&laquo;Цитрус&raquo;</span> !</h1>\r\n<h2>Оставьте заявку и получите всю необходимую информацию по условиям франшизы</h2>\r\n</div>\r\n</div>\r\n<div class="col-xs-6">{{w:LandingFormWidget|number=2}}</div>\r\n</div>\r\n</div>\r\n</div>\r\n<div id="privacyModal" class="modal fade" tabindex="-1">\r\n<div class="modal-dialog">\r\n<div class="modal-content">\r\n<div class="modal-header"><button class="close" type="button" data-dismiss="modal">&times;</button>\r\n<h4 class="modal-title">Политика конфиденциальности</h4>\r\n</div>\r\n<div class="modal-body">\r\n<h1>Политика конфиденциальности веб-сайта фитнес-клуба "Цитрус"</h1>\r\n<p>Настоящая политика конфиденциальности распространяется на пользование данным веб-сайтом, управляемым компанией "Цитрус".</p>\r\n<h2>Обработка данных</h2>\r\n<p>Фитнес-клуб "Цитрус" соблюдает права на неприкосновенность частной жизни посетителей веб-сайта и признает важность защиты их персональных данных. Посетителям не требуется передавать фитнес-клуба "Цитрус" свои персональные данные для пользования данным веб-сайтом.</p>\r\n<p>В стиуациях, когда пользователь оставляет заявку через формы обратной связи, он передает свои личные данные - телефон или/и адрес электронной почты. Компания "Цитрус" гарантирует, что не будет использовать эти данные в противоправных целях (например, рассылке спама), а так же гарантирует конфиденциальность и неразглашение этих данных.</p>\r\n<p>В то же время при посещении данного веб-сайта интернет-браузер каждого посетителя передает на сервера фитнес-клуба "Цитрус" определенные сведения, включая дату и время посещения, название запрашиваемого файла, веб-страницу, с которой приходит пользователь, используемые веб-браузер и операционную систему, IP-адрес устройства и размер передаваемых данных. Данные сведения сохраняются в журналах подключений в течение ограниченного времени для обеспечения безопасности и надлежащей работы веб-сайта, а также для сбора статистической информации.</p>\r\n<p>Данный веб-сайт не использует cookie-файлы или иные технологии слежения.</p>\r\n</div>\r\n<div class="modal-footer"><button class="btn btn-default" type="button" data-dismiss="modal">Закрыть</button></div>\r\n</div>\r\n<!-- /.modal-content --></div>\r\n<!-- /.modal-dialog --></div>\r\n<!-- /.modal -->\r\n<div id="modalSuccess" class="modal fade modal-alert" tabindex="-1">\r\n<div class="modal-dialog">\r\n<div class="modal-content">\r\n<div class="modal-body">\r\n<div class="alert alert-success alert-dismissable"><button class="close" type="button" data-dismiss="alert">&times;</button>\r\n<div class="alert-body">&nbsp;</div>\r\n</div>\r\n</div>\r\n</div>\r\n</div>\r\n</div>', NULL, 4, NULL, 0, 0, 'franchise', 1, '', '', '', NULL, NULL, NULL, '', NULL, NULL, NULL, '', 1),
	(45, 'success', NULL, 'Ваша заявка успешно отправлена', '\n    <div class="success-block">\n        <div class="container">\n           <h2>Уважаемый наш клиент, благодарим вас за&nbsp;заявку!</h2>\n\n                            <p>В&nbsp;ближайшее время с вами свяжется наш менеджер, чтобы подробно рассказать о клубе и об акциях, а так же ответить на все ваши вопросы.</p>\n\n                            <br>\n                            <br>\n\n                            <p><em>С&nbsp;уважением, фитнес-клуб &laquo;Цитрус&raquo;!</em></p>\n        </div>\n    </div>\n', NULL, 0, NULL, 0, 0, 'direct', 1, '', '', '', NULL, NULL, NULL, '', NULL, NULL, NULL, '', 1),
	(46, '660-za-mesyac', NULL, 'Фитнес тест-драйв в Цитрусе!', '<div class="content-block offer-block">\r\n<div class="container">\r\n<div class="banner">\r\n<div id="carousel-generic" class="carousel slide stackone" data-ride="carousel"><!-- Wrapper for slides -->\r\n<div class="carousel-inner">\r\n<div class="item active"><img src="/uploads/direct7.jpg" class="img-responsive" alt="..." /></div>\r\n</div>\r\n</div>\r\n</div>\r\n</div>\r\n</div>\r\n<div class="incut-block form-block">\r\n<div class="notched-section__top"></div>\r\n<div class="notched-section__content">\r\n<div class="container">\r\n<div class="row">\r\n<div class="col-xs-7">\r\n<div class="main-description">\r\n<h2>Почему &laquo;Цитрус ЮЗР&raquo;?</h2>\r\n<ol>\r\n<li>Исключительно женский клуб</li>\r\n<li>Сертифицированные инструктора высшего класса</li>\r\n<li>Сауна, входящая в стоимость абонемента</li>\r\n<li>Более 20 направлений на любой вкус</li>\r\n<!--<li>Гибкое и удобное расписание</li>-->\r\n<li>Полный абонемент всего за 660 рублей в месяц!</li>\r\n</ol>\r\n<div class="arrow"><img src="/img/arrow.png" class="img-responsive" alt="" /></div>\r\n</div>\r\n</div>\r\n<div class="col-xs-5">\r\n<div class="form">\r\n<h4>Пожалуйста, заполните эту форму, и наши менеджеры вам все расскажут</h4>\r\n{{w:directFormWidget}}</div>\r\n</div>\r\n</div>\r\n</div>\r\n</div>\r\n<div class="notched-section__bottom"></div>\r\n</div>\r\n<div class="content-block description-block">\r\n<div class="container">\r\n<h1>О&nbsp;&laquo;Цитрусе ЮЗР&raquo;</h1>\r\n<p>Фитнес-клуб "Цитрус ЮЗР" - уникальный фитнес-клуб. Это единственный клуб, работающий только для женщин. Это клуб без комплексов. Здесь можно быть самой собой и не думать о том, как ты выглядишь и какое впечатление производишь.</p>\r\n<p>В "Цитрус" приходят для того, чтобы заниматься фитнесом, узнавать секреты красоты и здоровья, отдыхать, общаться с единомышленницами и просто здорово проводить время. В нашем клубе тебя ждут эффективные фитнес-программы, приветливый персонал, команда профессиональных тренеров, интересные мероприятия и мастер-классы от ведущих специалистов в области фитнеса, красоты и здоровья.</p>\r\n<p>В нашем клубе огромное количество групповых направлений на любой вкус. Кроме этого наши инструктора будут рады провести для вас индивидуальную тренировку для лучшего результата.</p>\r\n<p>Наш клуб работает по системе "все включено". Приобретая абонемент, вы получаете неограниченный доступ ко всем занятиям в любое время. Кроме того, в вашем распоряжении будет находиться сауна, стоимость которой уже включена в стоимость клубной карты.</p>\r\n<p>Наш клуб расположен в юго-западном районе Чебоксар по адресу: улица А. Королева, дом 2. Звоните нам по телефону 49-00-40.</p>\r\n</div>\r\n</div>\r\n<div class="content-block photo-block">\r\n<div class="container">{{w:GalleryBlock|album=Клуб ЮЗР}}</div>\r\n</div>', NULL, 0, NULL, 0, 0, 'direct_yzr', 1, '', '', '', NULL, NULL, NULL, '', NULL, NULL, NULL, '', 1),
	(47, 'personalki', NULL, 'Индивидуальные занятия с тренером', '\r\n    <div class="content-block offer-block">\r\n        <div class="container">\r\n            <div class="banner">\r\n                <div id="carousel-generic" class="carousel slide stackone" data-ride="carousel">\r\n                    <!-- Wrapper for slides -->\r\n                    <div class="carousel-inner">\r\n                        <div class="item active">\r\n                            <img src="/uploads/direct4.jpg" class="img-responsive" alt="...">\r\n                        </div>\r\n                    </div>\r\n                </div>\r\n            </div>\r\n        </div>\r\n    </div>\r\n\r\n    <div class="incut-block form-block">\r\n        <div class="notched-section__top"></div>\r\n        <div class="notched-section__content">\r\n            <div class="container">\r\n                <div class="row">\r\n                    <div class="col-xs-7">\r\n                        <div class="main-description">\r\n                            <h2>Почему &laquo;Цитрус&raquo;?</h2>\r\n                            <ol>\r\n                                <li>Сертифицированные инструктора высшего класса</li>\r\n                                <li>Сауна, входящая в стоимость абонемента</li>\r\n                                <li>Более 20 направлений на любой вкус</li>\r\n                                <li>Гибкое и удобное расписание</li>\r\n                                <li>Специальное предложение для гостей!</li>\r\n                            </ol>\r\n                            <div class="arrow">\r\n                                <img src="/img/arrow.png" class="img-responsive" alt=""/>\r\n                            </div>\r\n                        </div>\r\n                    </div>\r\n                    <div class="col-xs-5">\r\n                        <div class="form">\r\n                            <h4>Пожалуйста, заполните эту форму, и наш менеджер вам перезвонит</h4>\r\n                            {{w:directFormWidget}}\r\n                        </div>\r\n                    </div>\r\n                </div>\r\n            </div>\r\n        </div>\r\n        <div class="notched-section__bottom"></div>\r\n    </div>\r\n\r\n    <div class="content-block description-block">\r\n        <div class="container">\r\n<h1>О&nbsp;персональных занятиях в&nbsp;&laquo;Цитрусе&raquo;</h1>\r\n\r\n<p>Персональный инструктор по&nbsp;фитнесу создаст концепцию занятий спортом, заточенную специально под вас.</p>\r\n\r\n<h3>Зачем это нужно?</h3>\r\n\r\n<ul>\r\n<li>Вы&nbsp;давно занимаетесь фитнесом, а&nbsp;результатов всё нет и&nbsp;нет?</li>\r\n<li>Вы&nbsp;хотите заниматься в&nbsp;удобное время и&nbsp;получать максимум отдачи от&nbsp;своих тренировок?</li>\r\n<li>Вы&nbsp;не&nbsp;можете заставить себя пойти на&nbsp;тренировку?</li>\r\n<li>Вам не&nbsp;по&nbsp;душе групповые занятия?</li>\r\n</ul>\r\n\r\n<p>Тогда индивидуальный тренер&nbsp;&mdash; это&nbsp;то, что вам нужно!</p>\r\n\r\n<h3>В&nbsp;чем польза персонального инструктора?</h3>\r\n\r\n<ul>\r\n<li>Он&nbsp;составит для вас индивидуальную программу тренировок с&nbsp;учетом физиологических особенностей вашего организма и&nbsp;ваших пожеланий.</li>\r\n<li>Тренер составит для вас программу по&nbsp;правильному питанию для достижения максимального результата от&nbsp;тренировок.</li>\r\n<li>Гибкий подход к&nbsp;выбору вида тренировок (йога, танцы, пилатес, тренажерный зал, кроссфит и&nbsp;т.д.) и&nbsp;времени их&nbsp;проведения.</li>\r\n<li>Повышение мотивации при занятиях фитнесом благодаря индивидуальному сопровождению.</li>\r\n<li>Контроль техники выполнения упражнений для повышения безопасности во&nbsp;время занятия.</li>\r\n</ul>\r\n\r\n<p>Звоните нам по&nbsp;телефону 49-00-30, менеджеры клуба ответят на&nbsp;все Ваши вопросы. Фитнес-клуб работает с&nbsp;понедельника по&nbsp;пятницу с&nbsp;8:00 до&nbsp;22:00, по&nbsp;выходным с&nbsp;9:00 до&nbsp;21:00. </p>\r\n\r\n<p>Мы находимся по адресам:</p>\r\n<p><strong>СЗР:</strong> улица Мичмана Павлова 10&nbsp;Б, 1&nbsp;минуту пешком от&nbsp;остановки &laquo;Природа&raquo;, 3&nbsp;минуты от&nbsp;остановки &laquo;Чебоксарец&raquo; и&nbsp;5&nbsp;минут от&nbsp;&laquo;Кривова&raquo;.</p>\r\n\r\n<p><strong>ЮЗР:</strong> улица Академика Королева&nbsp;2, 1&nbsp;минуту пешком от&nbsp;остановки &laquo;Эльменя&raquo;.</p>\r\n        </div>\r\n    </div>\r\n\r\n    <div class="content-block photo-block">\r\n        <div class="container">\r\n            {{w:GalleryBlock|album=Персоналки}}\r\n        </div>\r\n    </div>\r\n', NULL, 0, NULL, 0, 0, 'direct', 1, 'Персональные занятия', 'Персональные занятия, тренировки, персональный инструктор, персоналка, индивидуальные занятия, программа тренировок, диета, правильное питание, хочу начать заниматься, тренажерный зал, инструктор, красивое тело, как похудеть, как убрать живот, убрать бока, лишний вес', 'Самый простой способ начать менять жизнь к лучшему! Персональный тренер ждет Вас!', NULL, NULL, NULL, '', NULL, NULL, NULL, '', 1),
	(48, '416-za-mesyac', NULL, 'Два годовых дневных абонемента по цене одного', '<div class="content-block offer-block">\r\n<div class="container">\r\n<div class="banner">\r\n<div id="carousel-generic" class="carousel slide stackone" data-ride="carousel"><!-- Wrapper for slides -->\r\n<div class="carousel-inner">\r\n<div class="item active"><img src="/uploads/direct3.jpg" class="img-responsive" alt="..." /></div>\r\n</div>\r\n</div>\r\n</div>\r\n</div>\r\n</div>\r\n<div class="incut-block form-block">\r\n<div class="notched-section__top"></div>\r\n<div class="notched-section__content">\r\n<div class="container">\r\n<div class="row">\r\n<div class="col-xs-7">\r\n<div class="main-description">\r\n<h2>Почему &laquo;Цитрус СЗР&raquo;?</h2>\r\n<ol>\r\n<li>Сертифицированные инструктора высшего класса</li>\r\n<li>Сауна, входящая в стоимость абонемента</li>\r\n<li>Более 20 направлений на любой вкус</li>\r\n<li>Гибкое и удобное расписание</li>\r\n<li>Два абонемента всего за 416 рублей в месяц!</li>\r\n</ol>\r\n<div class="arrow"><img src="/img/arrow.png" class="img-responsive" alt="" /></div>\r\n</div>\r\n</div>\r\n<div class="col-xs-5">\r\n<div class="form">\r\n<h4>Пожалуйста, заполните эту форму, и наш менеджер вам перезвонит</h4>\r\n{{w:directFormWidget}}</div>\r\n</div>\r\n</div>\r\n</div>\r\n</div>\r\n<div class="notched-section__bottom"></div>\r\n</div>\r\n<div class="content-block description-block">\r\n<div class="container">\r\n<h1>О&nbsp;&laquo;Цитрусе СЗР&raquo;</h1>\r\n<p>Фитнес-клуб &laquo;Цитрус СЗР&raquo;&nbsp;&mdash; уютное место в&nbsp;центре Северо-Западного района города Чебоксары, где вы&nbsp;можете отложить все свои проблемы и&nbsp;посвятить время только себе и&nbsp;своему телу. Удобные сауны в&nbsp;раздевалках снимут стресс и&nbsp;избавят от&nbsp;усталости после тренировки.</p>\r\n<p>Для вас ежедневно открыты двери тренажерного зала, зала групповых занятий, двух залов персонального тренинга. Различные танцевальные направления, несколько видов йоги и&nbsp;аэробики, пилатеса и&nbsp;стрейтчинга и&nbsp;посещение тренажерного зала в&nbsp;комплексе помогут вам всегда находится в&nbsp;тонусе и&nbsp;хорошем самочувствии!</p>\r\n<p>Клуб находится в&nbsp;шаговой доступности от&nbsp;остановки общественного транспорта &laquo;Природа&raquo; с&nbsp;удобной охраняемой парковкой для автомобилей на&nbsp;50&nbsp;мест.</p>\r\n<p>Ценителям индивидуального подхода мы&nbsp;предлагаем персональные занятия с&nbsp;инструктором, как в&nbsp;тренажерном зале, так и&nbsp;в&nbsp;залах персональных тренировок. Наши специалисты проведут фитнес-тестирование и&nbsp;подберут нужную вам программу питания и&nbsp;тренировок.</p>\r\n<p>Занятия фитнесом для будущих мам возможны в&nbsp;индивидуальном порядке и&nbsp;в&nbsp;коммерческих группах до&nbsp;6&nbsp;человек. Тренировки проводят сертифицированные специалисты в&nbsp;любое удобное для вас время!</p>\r\n<p>Наш клуб работает по&nbsp;системе клубных карт, что является неоспоримым преимуществом в&nbsp;Чебоксарах. Плюсы клубной системы заключаются в&nbsp;возможности посещения различных видов групповых занятий, а&nbsp;также тренажерного зала без ограничений, участии в&nbsp;проходящих в&nbsp;клубе семинарах, в&nbsp;скидках и&nbsp;бонусах на&nbsp;пользование дополнительными услугами клуба.</p>\r\n<p>Дополнительную информацию о&nbsp;ценах на&nbsp;клубные карты и&nbsp;индивидуальные занятия&nbsp;Вы можете узнать в&nbsp;отделе продаж клуба &laquo;Цитрус&raquo;. Для корпоративных клиентов действует гибкая система скидок и&nbsp;различные схемы оплаты.</p>\r\n<p>Звоните нам по&nbsp;телефону 49-00-30, менеджеры клуба ответят на&nbsp;все Ваши вопросы. Фитнес-клуб работает с&nbsp;понедельника по&nbsp;пятницу с&nbsp;8:00 до&nbsp;22:00, по&nbsp;выходным с&nbsp;9:00 до&nbsp;21:00. Наш адрес-улица Мичмана Павлова 10&nbsp;Б, 1&nbsp;минуту пешком от&nbsp;остановки &laquo;Природа&raquo;, 3&nbsp;минуты от&nbsp;остановки &laquo;Чебоксарец&raquo; и&nbsp;5&nbsp;минут от&nbsp;&laquo;Кривова&raquo;.</p>\r\n<p>Всегда рады видеть Вас на&nbsp;занятиях в&nbsp;фитнес-клубе &laquo;Цитрус&raquo;!</p>\r\n</div>\r\n</div>\r\n<div class="content-block photo-block">\r\n<div class="container">{{w:GalleryBlock|album=Клуб СЗР}}</div>\r\n</div>', NULL, 0, NULL, 0, 0, 'direct', 1, '', '', '', NULL, NULL, NULL, '', NULL, NULL, NULL, '', 1),
	(49, 'menyaem-kartu', NULL, 'Меняем вашу карту на 50% скидку!', '<div class="content-block offer-block">\n<div class="container">\n<div class="banner">\n<div id="carousel-generic" class="carousel slide stackone" data-ride="carousel"><!-- Wrapper for slides -->\n<div class="carousel-inner">\n<div class="item active"><img src="/uploads/direct6.jpg" class="img-responsive" alt="..." /></div>\n</div>\n</div>\n</div>\n</div>\n</div>\n<div class="incut-block form-block">\n<div class="notched-section__top"></div>\n<div class="notched-section__content">\n<div class="container">\n<div class="row">\n<div class="col-xs-7">\n<div class="main-description">\n<h2>Почему &laquo;Цитрус&raquo;?</h2>\n<ol>\n<li>Сертифицированные инструктора высшего класса</li>\n<li>Сауна, входящая в стоимость абонемента</li>\n<li>Более 20 направлений на любой вкус</li>\n<li>Гибкое и удобное расписание</li>\n<li>Скидка 50% при обмене на карту другого клуба!</li>\n</ol>\n<div class="arrow"><img src="/img/arrow.png" class="img-responsive" alt="" /></div>\n</div>\n</div>\n<div class="col-xs-5">\n<div class="form">\n<h4>Пожалуйста, заполните эту форму, и наши менеджеры вам перезвонят</h4>\n{{w:directFormWidget}}</div>\n</div>\n</div>\n</div>\n</div>\n<div class="notched-section__bottom"></div>\n</div>\n<div class="content-block description-block">\n<div class="container">\n<h1>О&nbsp;КЛУБЕ &laquo;ЦИТРУС&raquo;</h1>\n\n<p>Сеть фитнес-клубов &laquo;Цитрус&raquo;&nbsp;&mdash; уютные места в&nbsp;Северо-Западном и&nbsp;Юго-Западном районах города Чебоксары. Здесь вы&nbsp;можете отложить все свои проблемы и&nbsp;посвятить время только себе и&nbsp;своему телу. Удобные сауны в&nbsp;раздевалках снимут стресс и&nbsp;избавят от&nbsp;усталости после тренировки.</p>\n\n<p>Для вас ежедневно открыты двери тренажерного зала, зала групповых занятий, двух залов персонального тренинга. Различные танцевальные направления, несколько видов йоги и&nbsp;аэробики, пилатеса и&nbsp;стрейтчинга и&nbsp;посещение тренажерного зала в&nbsp;комплексе помогут вам всегда находится в&nbsp;тонусе и&nbsp;хорошем самочувствии!</p>\n\n<p>В&nbsp;Северо-Западном районе клуб находится в&nbsp;шаговой доступности от&nbsp;остановки общественного транспорта &laquo;Природа&raquo; с&nbsp;удобной охраняемой парковкой для автомобилей на&nbsp;50&nbsp;мест.</p>\n\n<p>В&nbsp;Юго-Западном районе&nbsp;&mdash; район &laquo;Байконур&raquo;.</p>\n\n<p>Ценителям индивидуального подхода мы&nbsp;предлагаем персональные занятия с&nbsp;инструктором, как в&nbsp;тренажерном зале, так и&nbsp;в&nbsp;залах персональных тренировок. Наши специалисты проведут фитнес-тестирование и&nbsp;подберут нужную вам программу питания и&nbsp;тренировок.</p>\n\n<p>Занятия фитнесом для будущих мам возможны в&nbsp;индивидуальном порядке и&nbsp;в&nbsp;коммерческих группах до&nbsp;6&nbsp;человек. Тренировки проводят сертифицированные специалисты в&nbsp;любое удобное для вас время!</p>\n\n<p>Наш клуб работает по&nbsp;системе клубных карт, что является неоспоримым преимуществом в&nbsp;Чебоксарах. Плюсы клубной системы заключаются в&nbsp;возможности посещения различных видов групповых занятий, а&nbsp;также тренажерного зала без ограничений, участии в&nbsp;проходящих в&nbsp;клубе семинарах, в&nbsp;скидках и&nbsp;бонусах на&nbsp;пользование дополнительными услугами клуба.</p>\n\n<p>Дополнительную информацию о&nbsp;ценах на&nbsp;клубные карты и&nbsp;индивидуальные занятия&nbsp;Вы можете узнать в&nbsp;отделе продаж клуба &laquo;Цитрус&raquo;. Для корпоративных клиентов действует гибкая система скидок и&nbsp;различные схемы оплаты.</p>\n\n<p>Звоните нам по&nbsp;телефону 49-00-30, менеджеры клуба ответят на&nbsp;все Ваши вопросы. Фитнес-клуб работает с&nbsp;понедельника по&nbsp;пятницу с&nbsp;8:00 до&nbsp;22:00, по&nbsp;выходным с&nbsp;9:00 до&nbsp;21:00. </p>\n\n<p><strong>СЗР</strong></p>\n<p>улица Мичмана Павлова 10&nbsp;Б, 1&nbsp;минуту пешком от&nbsp;остановки &laquo;Природа&raquo;, 3&nbsp;минуты от&nbsp;остановки &laquo;Чебоксарец&raquo; и&nbsp;5&nbsp;минут от&nbsp;&laquo;Кривова&raquo;.</p>\n\n<p><strong>ЮЗР</strong></p>\n<p>улица Академика Королева&nbsp;2, 1&nbsp;минуту пешком от&nbsp;остановки &laquo;Эльменя&raquo;.</p>\n\n<p>Всегда рады видеть Вас на&nbsp;занятиях в&nbsp;фитнес-клубе &laquo;Цитрус&raquo;!</p>\n</div>\n</div>\n<div class="content-block photo-block">\n<div class="container">\n{{w:GalleryBlock|album=Клуб ЮЗР}}</div>\n</div>', NULL, 0, NULL, 0, 0, 'direct', 1, '', '', '', NULL, NULL, NULL, '', NULL, NULL, NULL, '', 1);
/*!40000 ALTER TABLE `pages` ENABLE KEYS */;


-- Дамп структуры для таблица v3.citrusfit.timeboard_items
DROP TABLE IF EXISTS `timeboard_items`;
CREATE TABLE IF NOT EXISTS `timeboard_items` (
  `id` int(11) NOT NULL AUTO_INCREMENT,
  `hall_id` int(11) NOT NULL,
  `instructor_id` int(11) DEFAULT NULL,
  `day_of_week` int(11) NOT NULL,
  `time_start` time NOT NULL,
  `time_finish` time NOT NULL,
  `body` varchar(500) NOT NULL,
  `created_ip` varchar(300) DEFAULT NULL,
  `created_date` datetime DEFAULT NULL,
  `created_user` int(11) DEFAULT NULL,
  `created_username` varchar(200) NOT NULL,
  `modified_ip` varchar(300) DEFAULT NULL,
  `modified_date` datetime DEFAULT NULL,
  `modified_user` int(11) DEFAULT NULL,
  `modified_username` varchar(300) NOT NULL,
  `active` tinyint(1) NOT NULL DEFAULT '1',
  PRIMARY KEY (`id`),
  KEY `hall_id` (`hall_id`),
  KEY `instructor_id` (`instructor_id`),
  CONSTRAINT `timeboard_items_ibfk_1` FOREIGN KEY (`hall_id`) REFERENCES `club_halls` (`id`),
  CONSTRAINT `timeboard_items_ibfk_2` FOREIGN KEY (`instructor_id`) REFERENCES `instructor_items` (`id`)
) ENGINE=InnoDB AUTO_INCREMENT=235 DEFAULT CHARSET=utf8 COMMENT='Расписание клуба';

-- Дамп данных таблицы v3.citrusfit.timeboard_items: ~94 rows (приблизительно)
DELETE FROM `timeboard_items`;
/*!40000 ALTER TABLE `timeboard_items` DISABLE KEYS */;
INSERT INTO `timeboard_items` (`id`, `hall_id`, `instructor_id`, `day_of_week`, `time_start`, `time_finish`, `body`, `created_ip`, `created_date`, `created_user`, `created_username`, `modified_ip`, `modified_date`, `modified_user`, `modified_username`, `active`) VALUES
	(3, 1, NULL, 1, '17:30:00', '18:30:00', '<p><strong>ПО ЗАПИСИ!</strong></p>\r\n<p>Pilates</p>\r\n<p>(Инга)</p>', NULL, NULL, NULL, '', NULL, NULL, NULL, '', 1),
	(16, 1, 11, 4, '09:30:00', '10:30:00', '<p>Latina-Zumba</p>', NULL, NULL, NULL, '', NULL, NULL, NULL, '', 1),
	(24, 1, NULL, 5, '18:30:00', '19:30:00', '<p><strong>ПО ЗАПИСИ!</strong></p>\r\n<p>Pilates</p>\r\n<p>(Инга)</p>', NULL, NULL, NULL, '', NULL, NULL, NULL, '', 1),
	(70, 1, NULL, 5, '10:00:00', '11:00:00', '<p>Pilates</p>\r\n<p>(Инга)</p>', NULL, NULL, NULL, '', NULL, NULL, NULL, '', 1),
	(73, 1, NULL, 3, '10:00:00', '11:00:00', '<p>Pilates</p>\r\n<p>(Инга)</p>', NULL, NULL, NULL, '', NULL, NULL, NULL, '', 1),
	(74, 1, 14, 3, '11:00:00', '12:00:00', '<p>Stretching</p>', NULL, NULL, NULL, '', NULL, NULL, NULL, '', 1),
	(77, 1, 10, 3, '09:00:00', '10:00:00', '<p>Yoga</p>', NULL, NULL, NULL, '', NULL, NULL, NULL, '', 1),
	(83, 1, 10, 3, '20:30:00', '21:30:00', '<p>Yoga</p>', NULL, NULL, NULL, '', NULL, NULL, NULL, '', 1),
	(84, 1, NULL, 5, '19:30:00', '20:30:00', '<p>Extra Power</p>\r\n<p>Алиса</p>', NULL, NULL, NULL, '', NULL, NULL, NULL, '', 1),
	(90, 1, 4, 2, '17:30:00', '18:30:00', '<p>FitBall</p>', NULL, NULL, NULL, '', NULL, NULL, NULL, '', 1),
	(91, 1, 11, 2, '18:30:00', '19:30:00', '<p>Latina-Zumba</p>', NULL, NULL, NULL, '', NULL, NULL, NULL, '', 1),
	(93, 1, 14, 2, '19:30:00', '20:30:00', '<p>Body Ballet</p>', NULL, NULL, NULL, '', NULL, NULL, NULL, '', 1),
	(96, 1, 4, 3, '19:30:00', '20:30:00', '<p>Intencive</p>', NULL, NULL, NULL, '', NULL, NULL, NULL, '', 1),
	(113, 1, 13, 1, '18:30:00', '19:30:00', '<p>Тай-Бо</p>', NULL, NULL, NULL, '', NULL, NULL, NULL, '', 1),
	(115, 3, 10, 1, '18:00:00', '19:00:00', '<p>Yoga</p>\r\n<p></p>', NULL, NULL, NULL, '', NULL, NULL, NULL, '', 1),
	(116, 3, NULL, 2, '18:30:00', '19:30:00', '<p>Body Fit</p>\r\n<p>(Татьяна)</p>', NULL, NULL, NULL, '', NULL, NULL, NULL, '', 1),
	(117, 3, 13, 2, '19:30:00', '20:30:00', '<p>Бразильская попка</p>', NULL, NULL, NULL, '', NULL, NULL, NULL, '', 1),
	(118, 3, NULL, 3, '19:00:00', '20:00:00', '<p>Stretching</p>\r\n<p>(Надежда)</p>', NULL, NULL, NULL, '', NULL, NULL, NULL, '', 1),
	(130, 3, 11, 1, '19:00:00', '20:00:00', '<p>Latina</p>', NULL, NULL, NULL, '', NULL, NULL, NULL, '', 1),
	(134, 3, NULL, 5, '09:30:00', '10:30:00', '<p>Pilates</p>\r\n<p>(Надежда)</p>', NULL, NULL, NULL, '', NULL, NULL, NULL, '', 1),
	(139, 1, 10, 1, '20:30:00', '21:30:00', '<p>Yoga</p>\r\n<p></p>', NULL, NULL, NULL, '', NULL, NULL, NULL, '', 1),
	(142, 3, 10, 5, '18:00:00', '19:00:00', '<p>Yoga</p>', NULL, NULL, NULL, '', NULL, NULL, NULL, '', 1),
	(143, 3, NULL, 5, '19:00:00', '20:00:00', '<p>ABL</p>\r\n<p>(Светлана)</p>\r\n<p></p>', NULL, NULL, NULL, '', NULL, NULL, NULL, '', 1),
	(144, 3, NULL, 1, '09:30:00', '10:30:00', '<p>Pilates</p>\r\n<p>(Надежда)</p>', NULL, NULL, NULL, '', NULL, NULL, NULL, '', 1),
	(145, 1, 10, 5, '20:30:00', '21:30:00', '<p>Yoga</p>', NULL, NULL, NULL, '', NULL, NULL, NULL, '', 1),
	(157, 3, NULL, 3, '19:00:00', '20:00:00', '<p>Pilates</p>\r\n<p>(Светлана)</p>', NULL, NULL, NULL, '', NULL, NULL, NULL, '', 1),
	(158, 1, 13, 3, '17:30:00', '18:30:00', '<p>Тай-Бо</p>', NULL, NULL, NULL, '', NULL, NULL, NULL, '', 1),
	(163, 1, 10, 5, '09:00:00', '10:00:00', '<p>Yoga</p>', NULL, NULL, NULL, '', NULL, NULL, NULL, '', 1),
	(166, 1, 11, 4, '18:30:00', '19:30:00', '<p>Strip Dance</p>', NULL, NULL, NULL, '', NULL, NULL, NULL, '', 1),
	(167, 1, 11, 4, '19:30:00', '20:30:00', '<p>Functional Training</p>', NULL, NULL, NULL, '', NULL, NULL, NULL, '', 1),
	(168, 1, 14, 4, '20:30:00', '21:30:00', '<p>Stretching</p>', NULL, NULL, NULL, '', NULL, NULL, NULL, '', 1),
	(169, 3, NULL, 4, '18:30:00', '19:30:00', '<p>FitBall</p>\r\n<p>(Светлана)</p>', NULL, NULL, NULL, '', NULL, NULL, NULL, '', 1),
	(170, 3, NULL, 4, '19:30:00', '20:30:00', '<p>Stretching</p>\r\n<p>(Светлана)</p>', NULL, NULL, NULL, '', NULL, NULL, NULL, '', 1),
	(171, 1, 13, 1, '19:30:00', '20:30:00', '<p>Body Rock</p>', NULL, NULL, NULL, '', NULL, NULL, NULL, '', 1),
	(172, 3, NULL, 2, '10:00:00', '11:00:00', '<p>Yoga</p>\r\n<p>(Екатерина)</p>', NULL, NULL, NULL, '', NULL, NULL, NULL, '', 1),
	(173, 3, NULL, 4, '10:00:00', '11:00:00', '<p>Yoga</p>\r\n<p>(Екатерина)</p>', NULL, NULL, NULL, '', NULL, NULL, NULL, '', 1),
	(174, 3, NULL, 3, '18:00:00', '19:00:00', '<p>Legs and Press</p>\r\n<p>(Светлана)</p>', NULL, NULL, NULL, '', NULL, NULL, NULL, '', 1),
	(175, 1, 13, 5, '17:30:00', '18:30:00', '<p>Тай-Бо</p>', NULL, NULL, NULL, '', NULL, NULL, NULL, '', 1),
	(176, 1, 11, 2, '09:30:00', '10:30:00', '<p>Latina-Zumba</p>\r\n<p></p>', NULL, NULL, NULL, '', NULL, NULL, NULL, '', 1),
	(177, 1, 14, 2, '20:30:00', '21:30:00', '<p>Stretching</p>\r\n<p></p>', NULL, NULL, NULL, '', NULL, NULL, NULL, '', 1),
	(179, 1, 3, 2, '08:30:00', '09:30:00', '<p>Yoga</p>', NULL, NULL, NULL, '', NULL, NULL, NULL, '', 1),
	(180, 1, 14, 7, '13:00:00', '14:00:00', '<p>Stretching</p>', NULL, NULL, NULL, '', NULL, NULL, NULL, '', 1),
	(181, 1, 10, 6, '09:30:00', '10:30:00', '<p>Yoga</p>', NULL, NULL, NULL, '', NULL, NULL, NULL, '', 1),
	(183, 3, NULL, 6, '10:00:00', '11:00:00', '<p>Step Aerobic</p>\r\n<p>(Ольга)</p>\r\n<p></p>', NULL, NULL, NULL, '', NULL, NULL, NULL, '', 1),
	(184, 1, NULL, 1, '10:00:00', '11:00:00', '<p>Pilates</p>\r\n<p>(Инга)</p>', NULL, NULL, NULL, '', NULL, NULL, NULL, '', 1),
	(186, 1, 14, 7, '12:00:00', '13:00:00', '<p>Body Ballet</p>', NULL, NULL, NULL, '', NULL, NULL, NULL, '', 1),
	(187, 1, 14, 5, '11:00:00', '12:00:00', '<p>Stretching</p>', NULL, NULL, NULL, '', NULL, NULL, NULL, '', 1),
	(188, 3, NULL, 1, '10:30:00', '11:30:00', '<p><span style="line-height: 1.428571429;">Калланетика</span></p>\r\n<p>(Наргиза)</p>', NULL, NULL, NULL, '', NULL, NULL, NULL, '', 1),
	(189, 3, NULL, 3, '10:30:00', '11:30:00', '<p><span style="line-height: 1.428571429;">Калланетика</span></p>\r\n<p>(Наргиза)</p>', NULL, NULL, NULL, '', NULL, NULL, NULL, '', 1),
	(190, 1, 14, 1, '11:00:00', '12:00:00', '<p>Stretching</p>', NULL, NULL, NULL, '', NULL, NULL, NULL, '', 1),
	(191, 1, 3, 4, '08:30:00', '09:30:00', '<p>Yoga</p>', NULL, NULL, NULL, '', NULL, NULL, NULL, '', 1),
	(192, 3, NULL, 2, '17:30:00', '18:30:00', '<p><strong>*new</strong></p>\r\n<p>Basic Step</p>\r\n<p>(Екатерина)</p>', NULL, NULL, NULL, '', NULL, NULL, NULL, '', 1),
	(193, 3, NULL, 4, '17:30:00', '18:30:00', '<p><strong>*new</strong></p>\r\n<p>Boty Dance</p>\r\n<p>(Кристина)</p>', NULL, NULL, NULL, '', NULL, NULL, NULL, '', 1),
	(194, 1, NULL, 1, '15:00:00', '16:00:00', '<p><span style="color: #ff0000;">Сitrus Kids</span></p>\r\n<p>Hip-Hop</p>\r\n<p>(Надежда)</p>', NULL, NULL, NULL, '', NULL, NULL, NULL, '', 1),
	(195, 1, NULL, 1, '16:00:00', '17:00:00', '<p><span style="color: #ff0000;">Citrus Kids</span></p>\r\n<p><span style="color: #000000;">Актерское</span></p>\r\n<p><span style="color: #000000;">Мастерство</span></p>\r\n<p><span style="color: #000000;">(Александра)</span></p>', NULL, NULL, NULL, '', NULL, NULL, NULL, '', 1),
	(196, 1, NULL, 2, '15:00:00', '16:00:00', '<p><span style="color: #ff0000;">Citrus Kids</span></p>\r\n<p><span style="color: #000000;">Fitball</span></p>\r\n<p><span style="color: #000000;">(Надежда)</span></p>', NULL, NULL, NULL, '', NULL, NULL, NULL, '', 1),
	(197, 1, NULL, 2, '16:00:00', '17:00:00', '<p><span style="color: #ff0000;">Citrus Kids</span></p>\r\n<p>Jazz Fank</p>\r\n<p>(Надежда)</p>', NULL, NULL, NULL, '', NULL, NULL, NULL, '', 1),
	(198, 1, NULL, 3, '15:00:00', '16:00:00', '<p><span style="color: #ff0000;">Citrus Kids</span></p>\r\n<p>Гимнастика</p>\r\n<p>(Алиса)</p>', NULL, NULL, NULL, '', NULL, NULL, NULL, '', 1),
	(199, 1, 14, 3, '16:00:00', '17:00:00', '<p><span style="color: #ff0000;">Citrus Kids</span></p>\r\n<p>Ballet Class</p>\r\n<p></p>', NULL, NULL, NULL, '', NULL, NULL, NULL, '', 1),
	(200, 1, NULL, 3, '16:00:00', '17:00:00', '<p><span style="color: #ff0000;">Citrus Kids</span></p>\r\n<p><span style="color: #ff0000;"><span style="color: #000000;">Актерское Мастерство</span><br /></span></p>\r\n<p><span style="color: #ff0000;"><span style="color: #000000;">(Александра)</span></span></p>\r\n<p></p>', NULL, NULL, NULL, '', NULL, NULL, NULL, '', 1),
	(201, 1, NULL, 4, '15:00:00', '16:00:00', '<p><span color="#ff0000" style="color: #ff0000;">Citrus Kids</span></p>\r\n<p>Ballet Class</p>\r\n<p>(Дарья)</p>', NULL, NULL, NULL, '', NULL, NULL, NULL, '', 1),
	(202, 1, 14, 4, '16:00:00', '17:00:00', '<p><span style="color: #ff0000;">Citrus Kids</span></p>\r\n<p>Strething</p>', NULL, NULL, NULL, '', NULL, NULL, NULL, '', 1),
	(203, 1, NULL, 5, '15:00:00', '16:00:00', '<p><span style="color: #ff0000;">Citrus Kids</span></p>\r\n<p><span style="color: #000000;">Гимнастика</span></p>\r\n<p><span style="color: #000000;">(Алиса)</span></p>', NULL, NULL, NULL, '', NULL, NULL, NULL, '', 1),
	(204, 1, NULL, 5, '16:00:00', '17:00:00', '<p><span style="color: #ff0000;">Citrus Kids</span></p>\r\n<p>Hip-Hop</p>\r\n<p>(Надежда)</p>', NULL, NULL, NULL, '', NULL, NULL, NULL, '', 1),
	(205, 1, 4, 6, '15:00:00', '16:00:00', '<p><span style="color: #ff0000;">Citrus Kids</span></p>\r\n<p>Cross Kids</p>\r\n<p></p>', NULL, NULL, NULL, '', NULL, NULL, NULL, '', 1),
	(206, 1, 14, 7, '14:00:00', '15:00:00', '<p><span style="color: #ff0000;">Citrus Kids</span></p>\r\n<p>Ballet Class</p>\r\n<p></p>', NULL, NULL, NULL, '', NULL, NULL, NULL, '', 1),
	(207, 1, 14, 7, '15:00:00', '16:00:00', '<p><span style="color: #ff0000;">Citrus Kids</span></p>\r\n<p><span style="color: #000000;">Stretching</span></p>\r\n<p></p>', NULL, NULL, NULL, '', NULL, NULL, NULL, '', 1),
	(208, 1, 10, 1, '09:00:00', '10:00:00', '<p>Yoga</p>', NULL, NULL, NULL, '', NULL, NULL, NULL, '', 1),
	(209, 1, NULL, 3, '18:30:00', '19:30:00', '<p><strong>ПО ЗАПИСИ!</strong></p>\r\n<p>Pilates</p>\r\n<p>(Инга)</p>', NULL, NULL, NULL, '', NULL, NULL, NULL, '', 1),
	(210, 3, 11, 1, '20:00:00', '21:00:00', '<p>Strething</p>\r\n<p></p>', NULL, NULL, NULL, '', NULL, NULL, NULL, '', 1),
	(211, 3, NULL, 3, '20:00:00', '21:00:00', '<p>Strething</p>\r\n<p>(Наргиза)</p>', NULL, NULL, NULL, '', NULL, NULL, NULL, '', 1),
	(212, 3, NULL, 5, '20:00:00', '21:00:00', '<p>Stretching</p>\r\n<p>(Свеллана)</p>', NULL, NULL, NULL, '', NULL, NULL, NULL, '', 1),
	(213, 1, NULL, 6, '12:00:00', '13:00:00', '<p>Booty Dance</p>\r\n<p>(Кристина)</p>', NULL, NULL, NULL, '', NULL, NULL, NULL, '', 1),
	(214, 3, 14, 3, '09:30:00', '10:30:00', '<p>Stretching</p>', NULL, NULL, NULL, '', NULL, NULL, NULL, '', 1),
	(215, 1, NULL, 4, '17:30:00', '18:30:00', '<p>FitBall</p>\r\n<p>(Ольга)</p>', NULL, NULL, NULL, '', NULL, NULL, NULL, '', 1),
	(216, 5, 11, 1, '11:00:00', '12:00:00', '<p>Здоровая мама</p>\r\n<p></p>', NULL, NULL, NULL, '', NULL, NULL, NULL, '', 1),
	(217, 5, 11, 3, '11:00:00', '12:00:00', '<p>Здоровая мама</p>', NULL, NULL, NULL, '', NULL, NULL, NULL, '', 1),
	(218, 5, 11, 5, '11:00:00', '12:00:00', '<p>Здоровая мама</p>', NULL, NULL, NULL, '', NULL, NULL, NULL, '', 1),
	(219, 5, NULL, 1, '18:30:00', '19:30:00', '<p>Йога&nbsp;</p>\r\n<p>(Евгений)</p>', NULL, NULL, NULL, '', NULL, NULL, NULL, '', 1),
	(220, 5, NULL, 3, '18:30:00', '19:30:00', '<p>Йога</p>\r\n<p>(Евгений)</p>', NULL, NULL, NULL, '', NULL, NULL, NULL, '', 1),
	(221, 5, NULL, 5, '18:30:00', '19:30:00', '<p>Йога</p>\r\n<p>(Евгений)</p>', NULL, NULL, NULL, '', NULL, NULL, NULL, '', 1),
	(222, 5, NULL, 1, '19:30:00', '20:30:00', '<p>Стретчинг</p>\r\n<p>(Наталья)</p>', NULL, NULL, NULL, '', NULL, NULL, NULL, '', 1),
	(223, 5, NULL, 5, '19:30:00', '20:30:00', '<p>Стретчинг</p>\r\n<p>(Наталья)</p>', NULL, NULL, NULL, '', NULL, NULL, NULL, '', 1),
	(224, 5, NULL, 2, '09:00:00', '10:00:00', '<p>Гибкая сила</p>\r\n<p>(Светлана)</p>', NULL, NULL, NULL, '', NULL, NULL, NULL, '', 1),
	(225, 5, NULL, 4, '09:00:00', '10:00:00', '<p>Гибкая сила</p>\r\n<p>(Светлана)</p>', NULL, NULL, NULL, '', NULL, NULL, NULL, '', 1),
	(226, 5, NULL, 6, '10:00:00', '11:00:00', '<p>Пилатес</p>\r\n<p>(Светлана)</p>', NULL, NULL, NULL, '', NULL, NULL, NULL, '', 1),
	(227, 5, 10, 2, '18:00:00', '19:00:00', '<p>Йога</p>', NULL, NULL, NULL, '', NULL, NULL, NULL, '', 1),
	(228, 5, 10, 4, '18:00:00', '19:00:00', '<p>Йога</p>', NULL, NULL, NULL, '', NULL, NULL, NULL, '', 1),
	(229, 5, 3, 2, '19:00:00', '20:00:00', '<p>Йога</p>', NULL, NULL, NULL, '', NULL, NULL, NULL, '', 1),
	(230, 5, 3, 4, '19:00:00', '20:00:00', '<p>Йога</p>', NULL, NULL, NULL, '', NULL, NULL, NULL, '', 1),
	(231, 5, NULL, 3, '19:30:00', '20:30:00', '<p>Стретчинг</p>\r\n<p>(Наталья)</p>', NULL, NULL, NULL, '', NULL, NULL, NULL, '', 1),
	(232, 3, NULL, 6, '11:00:00', '12:00:00', '<p>Problem Zone</p>\r\n<p>(Ольга)</p>', NULL, NULL, NULL, '', NULL, NULL, NULL, '', 1),
	(233, 1, 11, 6, '11:00:00', '12:00:00', '<p>Body Work</p>', NULL, NULL, NULL, '', NULL, NULL, NULL, '', 1),
	(234, 1, 4, 7, '11:15:00', '12:00:00', '<p>Interval</p>', NULL, NULL, NULL, '', NULL, NULL, NULL, '', 1);
/*!40000 ALTER TABLE `timeboard_items` ENABLE KEYS */;


-- Дамп структуры для таблица v3.citrusfit.users
DROP TABLE IF EXISTS `users`;
CREATE TABLE IF NOT EXISTS `users` (
  `id` int(11) NOT NULL AUTO_INCREMENT,
  `username` varchar(50) NOT NULL,
  `password` varchar(50) NOT NULL,
  `role` tinyint(1) NOT NULL DEFAULT '0',
  `created_ip` varchar(300) DEFAULT NULL,
  `created_date` datetime DEFAULT NULL,
  `created_user` int(11) DEFAULT NULL,
  `created_username` varchar(200) NOT NULL,
  `modified_ip` varchar(300) DEFAULT NULL,
  `modified_date` datetime DEFAULT NULL,
  `modified_user` int(11) DEFAULT NULL,
  `modified_username` varchar(300) NOT NULL,
  PRIMARY KEY (`id`),
  UNIQUE KEY `username` (`username`)
) ENGINE=InnoDB AUTO_INCREMENT=7 DEFAULT CHARSET=utf8;

-- Дамп данных таблицы v3.citrusfit.users: ~2 rows (приблизительно)
DELETE FROM `users`;
/*!40000 ALTER TABLE `users` DISABLE KEYS */;
INSERT INTO `users` (`id`, `username`, `password`, `role`, `created_ip`, `created_date`, `created_user`, `created_username`, `modified_ip`, `modified_date`, `modified_user`, `modified_username`) VALUES
	(1, 'zzeraw', '$1$X6..UA2.$jbkt9C4OyqcJXaeaqHxvZ0', 1, NULL, NULL, NULL, '', NULL, NULL, NULL, ''),
	(6, 'manager', '$1$.IYhXD0D$rKx2fGSXlnh8cJDr7wZWZ1', 2, NULL, NULL, NULL, '', NULL, NULL, NULL, '');
/*!40000 ALTER TABLE `users` ENABLE KEYS */;
/*!40101 SET SQL_MODE=IFNULL(@OLD_SQL_MODE, '') */;
/*!40014 SET FOREIGN_KEY_CHECKS=IF(@OLD_FOREIGN_KEY_CHECKS IS NULL, 1, @OLD_FOREIGN_KEY_CHECKS) */;
/*!40101 SET CHARACTER_SET_CLIENT=@OLD_CHARACTER_SET_CLIENT */;
